postcode,state,total_population,demographic_score,pct_professional,pct_high_income_hh,median_hh_income_weekly,pct_degree,seifa_irsad_decile,pct_wfh,median_age,avg_household_size,unemployment_pct,labour_force_participation_pct,median_rent_weekly,rank
2063,NSW,6488,92.14,67.36,58.49,3903.91,52.9,10.0,58.1,45.08,2.87,3.72,59.62,1053.74,1
2092,NSW,7377,91.23,64.47,63.51,4153.32,46.28,9.95,55.03,42.29,3.15,3.28,63.76,1014.74,2
2043,NSW,9736,91.18,69.32,54.14,2943.99,62.13,9.95,63.51,35.33,2.05,3.3,81.33,622.0,3
2025,NSW,7451,90.94,72.82,51.0,3133.87,58.62,10.0,59.93,42.4,2.21,3.17,63.42,691.37,4
2073,NSW,17218,90.86,65.46,58.58,3621.79,56.54,9.95,55.95,41.67,3.04,4.3,64.86,868.51,5
2041,NSW,15579,90.48,70.39,53.11,3182.63,56.87,9.97,61.09,43.43,2.26,3.94,67.54,604.33,6
2069,NSW,15718,90.21,65.37,57.99,3588.39,55.01,9.98,56.09,42.3,2.99,4.14,63.15,905.17,7
2023,NSW,10832,90.16,66.36,57.31,3666.45,54.21,10.0,53.88,39.97,2.55,3.12,64.34,803.67,8
2028,NSW,5225,89.78,69.73,51.97,3080.13,58.48,10.0,60.07,39.28,2.08,3.48,66.44,749.65,9
2021,NSW,15322,89.71,69.97,50.53,3101.57,59.89,10.0,59.18,38.0,2.1,3.61,72.28,682.07,10
2065,NSW,32478,89.64,68.57,52.03,2960.12,61.5,9.98,60.27,38.19,2.18,3.21,73.59,625.84,11
2039,NSW,8553,89.59,67.58,55.35,3272.6,54.45,9.94,60.22,39.95,2.32,3.39,72.6,664.4,12
2095,NSW,16916,89.05,67.23,54.32,3260.77,55.06,9.98,58.72,39.0,2.2,3.53,69.23,759.47,13
2030,NSW,15644,88.85,65.49,58.6,3761.99,49.7,9.92,50.99,42.91,2.77,3.6,60.15,1020.03,14
2088,NSW,28334,88.73,66.54,53.4,3340.8,54.83,9.97,58.98,44.79,2.39,3.53,61.91,870.94,15
2062,NSW,8450,88.5,67.41,51.54,3041.84,58.09,10.0,60.33,39.67,2.24,3.14,72.08,589.5,16
2027,NSW,8665,88.01,70.03,50.45,3149.03,53.53,10.0,57.36,47.25,1.97,3.3,60.28,768.87,17
2024,NSW,12133,88.0,66.26,55.5,3340.29,51.58,9.95,56.17,38.8,2.48,2.45,66.62,695.35,18
2070,NSW,16108,87.85,66.48,53.29,3211.49,55.68,9.97,55.31,42.51,2.9,4.15,60.95,805.26,19
2061,NSW,6613,87.63,70.68,47.05,2768.44,58.28,9.82,63.18,46.14,1.74,4.33,61.68,630.42,20
2090,NSW,13715,87.06,67.71,49.96,2881.71,56.83,10.0,59.22,41.63,2.14,3.45,68.79,652.23,21
2060,NSW,16169,86.78,67.57,47.36,2661.46,61.22,9.97,61.49,39.82,1.95,3.8,70.03,591.15,22
2074,NSW,23815,86.74,63.28,55.78,3298.24,51.82,9.92,56.19,45.6,2.87,3.95,60.15,811.82,23
2066,NSW,33862,86.7,64.19,53.14,3245.64,54.99,9.91,55.22,39.25,2.58,3.56,69.76,689.46,24
2094,NSW,7119,86.35,65.22,54.04,3157.36,50.6,10.0,56.49,41.01,2.43,3.22,68.16,683.41,25
2068,NSW,18686,86.33,62.91,54.98,3494.86,50.1,9.81,55.62,42.48,2.83,3.68,63.9,844.08,26
2071,NSW,15154,85.7,63.64,52.39,3122.56,54.97,9.97,54.03,42.99,2.93,4.54,59.11,860.23,27
2026,NSW,33433,85.63,64.68,51.46,3045.95,53.75,9.94,56.69,34.39,2.28,3.9,71.36,718.0,28
2038,NSW,9952,85.43,66.71,49.92,2824.42,55.65,9.86,56.14,38.64,2.26,3.76,70.98,612.3,29
2110,NSW,9841,84.94,63.7,55.38,3545.91,45.32,9.94,48.92,47.22,2.77,3.38,56.1,712.31,30
2119,NSW,12785,84.71,61.75,54.12,3193.47,52.32,9.83,53.19,43.77,3.02,4.28,61.3,667.09,31
4065,QLD,11752,84.64,63.25,56.24,3434.76,55.73,9.95,32.49,37.84,2.84,3.29,73.09,494.42,32
2089,NSW,11970,84.48,65.5,47.72,2621.52,56.61,10.0,59.36,39.21,1.99,3.85,71.97,572.11,33
2075,NSW,21664,84.48,61.57,53.68,3198.49,51.02,9.89,54.32,44.28,2.97,4.2,60.33,913.44,33
2015,NSW,11833,84.34,64.28,49.5,2771.38,55.97,9.88,56.99,34.36,2.08,3.36,80.6,581.37,35
2603,ACT,10312,83.85,65.08,56.38,3527.63,58.86,9.97,15.1,42.28,2.44,3.17,69.05,597.71,36
2072,NSW,9719,83.03,62.93,47.63,2814.62,56.13,9.87,54.74,40.64,2.71,5.03,62.69,745.77,37
2600,ACT,8273,82.57,65.98,54.17,3242.48,58.84,10.0,15.31,45.67,2.3,2.45,62.06,557.89,38
2040,NSW,22810,82.56,63.55,51.19,2829.2,48.33,9.82,55.52,39.05,2.44,3.99,70.64,595.78,39
2093,NSW,24441,82.45,58.42,55.24,3389.88,46.47,9.59,52.55,41.06,2.82,3.24,68.2,843.3,40
2029,NSW,11384,82.16,63.43,49.48,2979.04,48.12,9.96,52.15,41.59,2.4,3.29,63.0,702.45,41
2076,NSW,26821,81.84,60.03,52.76,3048.2,48.84,9.72,52.12,44.51,2.94,4.08,60.03,734.37,42
2769,NSW,16624,81.84,52.69,63.44,3313.5,48.87,8.95,51.8,35.48,3.57,4.26,71.75,632.95,42
2125,NSW,16618,81.8,58.73,56.44,3136.25,47.07,9.57,50.27,43.64,3.12,3.8,63.0,709.95,44
2064,NSW,9456,81.79,61.59,47.01,2736.33,56.26,9.68,55.09,38.46,2.53,5.27,67.93,623.09,45
2010,NSW,26444,81.15,65.34,42.78,2555.48,55.65,9.7,54.79,36.54,1.77,5.2,71.78,570.35,46
2034,NSW,20236,80.94,60.22,51.02,3009.77,50.4,9.49,50.24,37.22,2.36,4.21,69.92,651.03,47
2022,NSW,13515,80.71,61.48,47.63,2806.61,50.95,9.77,53.18,36.72,2.26,4.11,66.17,714.46,48
2031,NSW,33832,80.54,61.28,47.94,2725.08,51.98,9.92,50.59,37.3,2.31,3.48,69.5,607.54,49
4069,QLD,36224,80.34,60.61,53.79,3124.73,51.28,9.8,32.54,43.02,2.96,4.16,65.45,560.79,50
2047,NSW,12005,80.22,61.32,50.3,2830.57,46.01,9.78,52.21,42.6,2.32,3.1,66.09,609.36,51
2126,NSW,19292,80.21,57.14,53.16,2915.7,48.73,9.62,52.73,43.56,3.14,4.54,62.43,705.37,52
2096,NSW,15193,80.05,57.49,53.61,3071.38,46.24,9.66,49.88,37.92,2.53,2.79,72.51,672.48,53
2048,NSW,7961,79.39,61.74,44.07,2547.07,52.51,9.82,54.13,37.1,2.27,4.25,72.11,548.48,54
2042,NSW,19815,79.15,61.76,43.56,2369.6,54.18,9.87,54.51,34.47,2.1,4.27,74.43,546.43,55
2009,NSW,12666,79.13,60.21,46.21,2691.42,51.77,9.56,52.86,38.72,2.08,5.41,66.99,654.91,56
2050,NSW,10690,78.8,63.4,39.18,2419.73,55.79,9.92,52.62,33.94,2.16,5.49,74.4,525.83,57
2121,NSW,34640,78.21,58.98,43.87,2445.28,55.14,9.81,52.5,39.34,2.85,5.19,63.65,554.21,58
2105,NSW,2582,78.15,58.84,50.37,3071.1,40.13,9.91,47.77,51.9,2.57,3.28,56.44,838.24,59
4060,QLD,13739,77.91,57.77,53.18,3194.62,49.25,9.6,29.52,37.85,2.88,3.73,73.03,488.59,60
2120,NSW,22286,77.24,56.05,50.56,2734.01,46.91,9.57,49.45,42.23,2.91,4.25,64.91,584.94,61
2049,NSW,12669,77.13,60.39,43.16,2342.0,49.56,9.75,55.17,36.41,2.22,4.11,70.08,485.9,62
2130,NSW,8302,76.89,60.01,40.59,2377.14,52.79,9.68,54.58,37.0,2.18,4.33,71.38,487.42,63
2605,ACT,12503,76.86,60.4,53.41,2948.39,53.98,9.67,12.92,42.57,2.61,3.51,63.66,497.54,64
2612,ACT,18964,76.54,65.78,45.19,2640.93,57.75,9.96,11.47,33.19,2.06,3.15,75.14,465.26,65
4064,QLD,12899,76.45,60.35,46.32,2706.49,53.98,9.88,27.96,33.52,2.41,3.86,77.03,469.16,66
2108,NSW,2268,76.44,59.38,49.62,2758.44,42.21,9.46,45.7,57.47,2.27,3.43,51.65,814.29,67
2011,NSW,18179,76.15,64.32,35.44,2161.78,52.8,9.66,54.16,40.61,1.52,5.23,67.98,520.91,68
2037,NSW,16723,75.99,62.67,37.99,2091.02,53.51,9.44,55.21,37.51,2.02,5.71,64.54,496.5,69
2604,ACT,13047,75.9,64.76,47.85,2619.77,55.34,9.67,12.09,39.26,2.13,2.98,69.37,505.72,70
2087,NSW,13189,75.77,55.15,51.48,2913.91,40.76,9.26,49.43,43.25,3.02,3.28,62.23,790.98,71
4171,QLD,18224,75.57,57.06,52.2,3035.13,45.97,9.47,28.66,38.33,2.55,3.56,74.29,505.82,72
2155,NSW,78217,75.07,49.73,57.61,3127.18,40.73,8.92,45.63,36.03,3.35,4.18,71.66,632.38,73
2111,NSW,15457,75.0,57.62,46.02,2652.19,43.47,9.5,48.35,41.18,2.52,3.29,66.28,577.55,74
2067,NSW,28065,74.99,57.57,40.83,2343.86,52.46,9.64,50.13,38.75,2.58,5.34,60.93,669.03,75
2045,NSW,6481,74.53,56.6,50.0,2855.33,38.4,9.0,48.67,46.41,2.78,3.36,60.69,581.07,76
2138,NSW,19721,74.27,56.12,42.08,2313.4,52.83,9.47,48.78,35.8,2.47,5.39,66.15,559.93,77
2044,NSW,8270,73.97,54.65,49.54,2636.94,44.93,8.73,48.64,36.78,2.52,4.05,72.26,627.31,78
2086,NSW,15979,73.4,51.33,55.16,3042.96,36.45,8.85,45.21,41.7,3.12,3.14,65.44,839.64,79
2225,NSW,6598,73.34,50.89,57.24,3122.16,33.17,8.9,44.57,40.62,3.06,2.85,66.87,626.63,80
2911,ACT,4812,73.3,53.66,52.65,3019.11,50.14,9.83,12.07,34.58,2.89,2.76,77.52,481.53,81
4005,QLD,17977,73.11,62.09,41.1,2386.55,50.43,9.65,28.09,39.31,1.93,3.73,71.45,474.19,82
2154,NSW,42703,73.04,52.68,49.11,2753.24,42.96,9.0,46.25,43.4,3.01,4.42,61.45,652.46,83
4061,QLD,18816,72.63,55.51,49.89,2689.36,45.2,9.29,29.6,41.38,2.91,4.33,68.42,518.85,84
2602,ACT,34523,72.06,59.01,43.86,2499.65,55.24,9.72,12.96,37.36,2.43,3.71,70.17,433.2,85
2768,NSW,28866,71.99,47.11,57.47,2918.16,39.78,8.38,45.08,37.2,3.27,4.43,65.93,563.02,86
2085,NSW,12881,71.7,51.3,52.77,2986.67,33.62,8.74,46.13,46.78,3.02,3.01,61.35,949.85,87
2016,NSW,13071,71.51,55.17,40.59,2326.41,49.05,8.81,49.29,38.34,2.0,9.08,65.95,524.41,88
2113,NSW,29754,71.4,54.41,39.39,2234.92,49.95,9.24,49.15,37.49,2.44,5.53,66.15,525.86,89
4068,QLD,27454,71.36,56.66,39.76,2421.68,53.39,9.57,29.15,35.33,2.54,5.6,67.98,467.89,90
2515,NSW,11740,71.26,54.89,46.84,2538.07,42.03,8.88,41.45,42.82,2.74,3.84,63.16,572.64,91
2762,NSW,22458,71.19,46.68,53.23,2779.43,46.43,8.12,45.08,31.7,3.26,4.53,74.08,544.4,92
2107,NSW,15435,71.11,52.84,49.03,2702.85,36.63,9.17,43.07,47.07,2.79,3.44,61.0,812.59,93
2153,NSW,63462,71.07,51.54,48.7,2664.81,40.57,8.78,45.64,40.4,3.01,4.26,64.02,589.01,94
2046,NSW,27277,71.05,55.25,45.75,2507.41,38.23,8.93,47.47,43.09,2.51,3.31,63.64,607.74,95
2017,NSW,29014,71.0,56.05,36.95,2076.7,51.23,9.18,49.47,33.6,1.93,7.98,67.8,537.19,96
2203,NSW,14591,70.87,56.79,38.33,2142.64,44.98,9.24,51.68,38.94,2.24,4.33,67.61,481.78,97
2172,NSW,2890,70.64,45.93,59.19,3172.63,32.38,8.28,43.08,39.45,3.24,3.32,71.63,510.01,98
2619,NSW,10074,70.5,48.34,62.41,3554.99,34.56,8.93,10.38,38.2,3.05,1.76,77.4,502.08,99
2127,NSW,26834,70.38,54.99,34.7,2015.7,51.14,9.7,48.86,33.86,2.15,5.31,66.98,509.86,100
2008,NSW,10412,70.08,57.0,30.38,1731.5,54.4,9.87,49.91,28.42,1.86,9.96,64.06,512.96,101
4066,QLD,20268,70.03,55.71,37.17,2356.89,53.31,9.86,26.9,32.5,2.27,5.11,72.2,440.37,102
2204,NSW,26977,70.03,55.6,40.66,2243.97,42.64,8.9,49.7,37.8,2.37,4.7,65.66,515.77,102
4051,QLD,30467,69.41,53.07,45.66,2673.59,45.41,9.18,25.18,35.0,2.57,3.77,74.63,413.79,104
2100,NSW,24195,69.4,47.93,53.42,2953.88,34.86,8.38,41.6,41.22,2.98,3.09,67.48,708.96,105
2773,NSW,6227,69.21,51.5,46.58,2532.17,39.02,8.83,43.12,44.44,2.78,3.31,64.21,477.26,106
2226,NSW,14294,69.01,49.32,50.77,2753.08,33.63,8.54,45.68,40.4,2.84,3.42,66.11,544.4,107
2104,NSW,4989,68.94,54.3,44.89,2584.0,32.03,9.08,44.76,56.25,2.5,3.57,49.0,823.65,108
2114,NSW,25290,68.87,52.15,38.77,2216.92,47.92,9.1,45.28,38.11,2.57,5.11,65.32,515.51,109
2106,NSW,9644,68.82,49.65,48.17,2766.17,35.87,8.89,41.3,45.99,2.63,3.17,65.82,705.38,110
2611,ACT,37166,68.61,53.79,47.91,2645.63,46.27,9.23,12.42,38.77,2.64,3.47,69.03,464.13,111
4154,QLD,11698,68.6,48.28,56.54,3109.24,35.65,8.39,24.47,37.51,3.2,2.98,75.82,553.76,112
2081,NSW,5471,68.57,48.54,50.93,2708.67,35.46,8.37,44.49,41.47,3.02,3.01,69.22,577.42,113
2137,NSW,28676,68.38,51.94,45.42,2436.31,38.1,8.74,43.71,42.41,2.65,4.0,62.15,616.7,114
4073,QLD,9551,68.34,52.21,47.89,2717.09,41.81,8.81,24.74,43.92,2.81,4.0,65.82,524.67,115
2607,ACT,14712,68.32,53.54,47.08,2650.85,47.1,9.22,11.58,43.46,2.57,3.82,63.28,484.1,116
4121,QLD,28103,68.15,53.06,46.76,2612.49,43.37,8.8,23.64,37.05,2.73,3.81,71.62,418.87,117
4075,QLD,26996,67.93,53.16,44.07,2514.43,44.67,8.89,26.61,38.56,2.69,4.33,68.83,451.21,118
4104,QLD,8005,67.9,54.33,39.98,2368.7,46.89,9.32,26.8,39.4,2.36,4.59,68.17,383.73,119
2914,ACT,34549,67.86,47.14,54.47,2963.26,44.31,8.88,11.27,32.07,3.17,3.83,78.71,503.14,120
2080,NSW,2262,67.71,49.51,48.15,2609.36,35.46,8.86,39.21,40.79,3.05,2.47,67.11,583.31,121
2033,NSW,12223,67.51,52.62,35.42,2127.27,45.01,9.54,44.06,34.9,2.32,6.38,61.78,566.52,122
4170,QLD,29648,67.34,51.11,46.85,2690.85,41.42,8.82,24.48,34.79,2.56,3.66,76.89,462.13,123
2156,NSW,13994,67.33,47.56,51.89,2957.05,30.28,8.41,39.27,46.32,3.14,3.3,61.63,607.92,124
2077,NSW,43178,67.31,50.56,38.22,2209.7,46.97,8.91,44.29,39.32,2.64,4.45,66.0,511.52,125
2000,NSW,28529,67.26,47.5,39.51,2338.6,48.5,9.36,39.15,33.8,2.21,7.3,63.2,660.03,126
4520,QLD,13880,67.22,49.12,51.34,2890.89,34.98,8.57,28.08,44.97,3.04,3.63,65.35,517.54,127
2084,NSW,4538,66.88,47.8,50.01,2885.74,31.57,8.27,40.67,47.96,2.94,2.51,60.24,721.16,128
2112,NSW,39007,66.88,50.9,39.89,2247.53,43.27,8.77,43.76,39.13,2.62,4.53,64.12,544.95,128
2132,NSW,10845,66.84,51.98,40.95,2215.28,39.99,8.65,45.74,42.85,2.76,4.67,58.01,492.03,130
4151,QLD,21008,66.79,52.5,41.17,2462.54,46.01,9.18,22.87,36.05,2.37,3.72,74.05,419.88,131
2158,NSW,8931,66.77,48.85,48.33,2717.83,32.86,8.32,41.87,46.28,3.1,3.68,59.12,597.23,132
2079,NSW,7799,66.73,46.57,48.91,2606.59,37.71,8.36,40.83,40.68,2.91,3.53,69.85,589.56,133
2291,NSW,14505,66.71,52.64,44.23,2443.45,40.5,8.84,28.62,39.91,2.52,3.34,68.1,469.42,134
2097,NSW,16254,66.51,46.3,51.08,2882.61,31.79,8.39,38.57,41.95,2.91,2.83,67.58,742.31,135
4156,QLD,3392,66.14,46.98,54.31,2881.57,37.0,8.34,20.32,41.09,3.25,4.12,71.65,553.32,136
2223,NSW,22181,66.12,48.27,43.38,2465.55,37.92,8.45,45.53,41.1,2.75,3.92,62.37,551.48,137
2150,NSW,36286,66.06,49.31,33.68,2059.36,53.71,8.52,45.54,32.33,2.45,7.22,67.06,431.65,138
2614,ACT,20588,66.02,53.09,42.66,2491.19,48.22,8.9,12.29,40.53,2.54,4.01,63.16,455.78,139
2122,NSW,31530,66.0,51.08,35.78,2005.38,46.75,9.0,43.57,40.08,2.73,5.63,58.25,512.54,140
2135,NSW,28054,65.78,46.38,43.18,2445.2,44.41,8.95,33.7,36.81,2.88,6.47,62.15,550.91,141
2118,NSW,30394,65.75,49.55,37.85,2139.05,44.79,8.84,43.55,40.17,3.02,5.15,59.04,557.9,142
2035,NSW,34636,65.51,50.32,41.11,2309.45,39.34,8.58,40.88,40.86,2.54,4.98,61.05,603.05,143
4007,QLD,17457,65.3,52.52,40.53,2524.58,40.58,8.93,24.45,40.12,2.18,4.09,68.56,467.64,144
4011,QLD,18022,65.13,51.45,39.98,2402.52,43.43,8.97,25.15,38.04,2.36,4.11,71.4,411.7,145
4030,QLD,19837,64.97,51.1,39.25,2417.16,44.65,8.99,24.01,34.26,2.32,3.96,74.8,399.88,146
2618,ACT,1392,64.82,48.34,52.88,2912.44,31.64,8.3,19.37,43.9,3.02,2.96,67.89,429.42,147
4070,QLD,12097,64.74,48.26,46.44,2537.94,38.93,8.68,25.06,40.65,2.99,4.6,68.81,475.72,148
4067,QLD,12263,64.44,49.24,32.83,2302.01,47.52,9.93,26.39,28.87,2.47,10.7,60.6,452.01,149
2102,NSW,8505,64.2,44.03,50.01,2772.44,30.63,8.29,37.27,41.8,2.95,2.55,65.74,841.78,150
2174,NSW,12076,64.19,42.41,51.66,2642.16,37.53,7.76,35.81,30.67,3.51,5.25,66.53,554.83,151
4152,QLD,49761,64.12,49.73,45.31,2530.42,39.14,8.37,22.68,39.25,2.69,3.95,70.11,493.34,152
4101,QLD,35560,64.07,53.67,32.72,1951.69,48.82,9.5,23.32,33.44,2.1,6.65,68.2,445.16,153
2606,ACT,12062,64.06,51.02,38.11,2373.61,50.98,9.14,10.17,36.58,2.22,3.37,72.37,483.37,154
4059,QLD,14033,63.89,50.32,34.65,2082.24,49.32,9.5,23.26,30.58,2.34,6.56,72.97,418.4,155
2300,NSW,12863,63.85,54.23,33.61,1962.31,43.58,9.16,30.35,38.78,2.0,4.37,68.59,430.43,156
2082,NSW,5935,63.82,46.59,46.13,2455.79,32.66,8.23,40.73,43.14,2.9,3.03,66.43,534.79,157
2159,NSW,5435,63.02,48.35,45.42,2493.69,28.89,8.19,38.01,46.49,2.98,3.08,59.78,479.15,158
2621,NSW,7289,62.68,44.82,54.92,2932.64,30.35,8.11,14.43,41.02,2.85,2.63,73.03,515.6,159
2230,NSW,30789,62.42,46.73,43.12,2501.38,31.15,8.32,37.78,43.4,2.43,2.98,65.68,666.57,160
2221,NSW,17144,62.37,46.81,43.0,2415.56,32.7,8.14,39.06,42.86,2.99,4.19,57.11,600.34,161
2131,NSW,24082,62.26,48.53,32.53,1955.65,44.23,8.61,42.16,38.3,2.34,6.1,63.01,442.98,162
2234,NSW,30628,62.16,42.46,51.61,2812.75,27.22,7.54,37.57,41.73,3.09,3.0,66.2,663.97,163
4103,QLD,15593,62.07,50.44,34.88,2027.01,46.9,9.01,21.2,33.11,2.32,5.49,74.27,382.04,164
2151,NSW,21852,62.02,48.42,35.72,2027.8,39.48,8.27,44.0,39.22,2.64,5.31,60.5,474.72,165
4169,QLD,17012,61.99,50.85,34.87,2045.0,44.42,9.1,22.25,37.03,2.0,5.05,72.28,444.48,166
2904,ACT,13180,61.95,47.62,49.86,2679.56,34.08,8.29,10.65,42.16,2.7,3.3,64.79,504.65,167
4031,QLD,14997,61.9,48.65,41.17,2350.81,40.12,8.37,22.18,35.42,2.46,3.9,75.82,389.29,168
4105,QLD,14692,61.84,50.01,39.15,2178.76,42.24,8.5,21.64,36.9,2.43,4.56,70.31,403.21,169
4010,QLD,4456,61.81,48.89,37.13,2305.56,41.99,8.91,21.52,35.76,2.08,4.6,74.78,439.14,170
2913,ACT,39352,61.7,44.32,47.34,2666.5,40.72,8.5,10.27,35.37,2.85,3.66,74.88,493.41,171
2516,NSW,6951,61.69,47.28,44.04,2387.43,31.57,7.96,35.7,40.24,2.82,4.18,64.97,388.67,172
2193,NSW,17776,61.6,47.39,36.41,2098.01,37.12,8.12,46.27,39.2,2.57,4.69,60.0,499.79,173
2152,NSW,12335,61.6,47.92,37.12,2081.44,36.76,8.22,43.4,39.83,2.56,4.97,62.89,446.01,173
2227,NSW,16993,61.46,44.59,46.11,2544.29,28.88,7.85,38.9,40.61,2.8,3.23,66.46,621.67,175
2032,NSW,14755,61.36,48.4,33.17,1931.44,42.38,8.67,38.33,37.26,2.46,6.57,58.53,511.87,176
2103,NSW,12168,61.27,45.25,44.11,2448.2,29.68,8.11,38.14,46.65,2.66,3.49,61.14,710.52,177
2020,NSW,21598,61.19,41.23,40.54,2255.64,42.63,8.31,37.07,32.98,2.54,5.76,68.34,593.19,178
4155,QLD,1464,60.83,44.79,49.61,2985.3,28.93,7.12,24.92,44.32,3.19,3.89,65.57,409.29,179
2479,NSW,6068,60.6,52.67,34.76,2068.25,32.91,8.44,33.55,44.03,2.69,3.7,61.06,546.18,180
4055,QLD,23125,60.6,43.87,49.0,2610.07,32.72,7.71,23.46,39.48,2.98,3.84,70.78,438.03,180
2101,NSW,20644,60.59,45.02,43.62,2458.05,29.9,7.79,38.25,44.29,2.65,2.87,63.41,635.99,182
2293,NSW,3301,60.49,48.7,35.83,2022.08,37.82,8.84,30.06,37.45,2.1,3.68,72.88,491.78,183
2765,NSW,46138,60.46,39.56,50.53,2548.02,35.3,6.89,36.66,34.09,3.19,3.9,69.08,531.06,184
4120,QLD,12399,60.45,49.67,33.81,2001.97,45.58,8.76,20.37,33.83,2.16,4.19,74.14,385.29,185
2140,NSW,21377,60.3,42.52,33.27,2064.67,49.57,8.25,36.72,31.72,2.6,7.16,67.24,461.84,186
4074,QLD,24078,60.27,46.6,41.86,2339.51,37.23,8.28,21.64,40.64,2.82,4.23,66.75,482.66,187
2774,NSW,13146,60.19,45.41,41.68,2243.89,32.9,7.79,38.77,40.17,2.75,3.53,63.98,444.49,188
2007,NSW,7426,60.19,44.63,28.3,1725.26,49.58,9.09,39.3,31.13,2.08,10.13,63.43,491.87,188
2617,ACT,38068,60.15,45.85,40.04,2265.64,45.58,8.72,10.2,35.76,2.42,4.53,69.82,449.45,190
2205,NSW,26055,59.95,43.69,35.41,2080.18,42.67,8.11,39.17,33.76,2.54,6.08,62.44,521.68,191
4006,QLD,26816,59.91,49.85,30.27,1961.86,45.1,9.05,22.14,33.57,1.77,4.71,76.01,438.51,192
2206,NSW,19843,59.66,47.49,40.05,2168.13,28.18,7.51,45.38,44.07,2.85,4.01,55.07,578.9,193
4037,QLD,7825,59.54,40.61,53.58,2814.87,28.53,7.53,19.77,38.8,3.15,3.48,75.44,450.21,194
2232,NSW,36526,59.48,44.51,41.72,2320.08,30.54,7.73,39.1,40.6,2.6,3.12,65.8,537.23,195
4035,QLD,27964,59.28,42.69,47.88,2655.25,31.9,7.74,20.29,40.9,2.92,3.56,69.56,520.8,196
2229,NSW,32278,59.2,43.12,44.85,2500.79,27.38,7.69,35.91,41.63,2.71,3.05,63.87,667.27,197
2099,NSW,43545,59.17,42.67,42.28,2445.66,32.89,7.66,34.93,39.62,2.66,3.47,67.88,626.27,198
4172,QLD,5475,59.15,44.4,45.16,2536.87,33.27,7.64,22.04,35.43,2.63,3.58,75.59,500.29,199
2302,NSW,2117,59.05,52.16,30.17,1817.08,38.41,8.43,31.38,42.59,1.95,4.39,60.95,465.57,200
2157,NSW,4421,58.91,44.4,47.94,2546.42,23.62,7.31,33.51,42.47,3.23,2.66,65.01,526.22,201
2019,NSW,13469,58.84,41.99,44.5,2410.47,30.62,7.58,35.43,37.49,2.59,3.24,68.9,553.3,202
4153,QLD,4648,58.68,43.58,46.76,2575.86,32.96,7.4,20.17,40.54,2.95,3.65,69.14,492.85,203
4102,QLD,12439,58.62,48.28,31.15,1914.14,44.57,8.98,18.91,30.95,2.26,6.96,67.32,416.42,204
2508,NSW,9379,58.52,40.04,48.14,2616.44,27.53,7.21,35.19,39.47,2.96,3.12,68.3,545.24,205
4012,QLD,25044,58.48,45.0,39.07,2274.67,37.75,8.18,21.64,36.05,2.35,3.85,73.67,406.12,206
2297,NSW,1802,58.45,46.46,38.55,2076.97,38.95,7.65,26.97,36.0,2.43,5.15,71.92,406.13,207
3707,NSW,185,58.18,64.76,31.82,1916.0,12.9,8.0,32.38,48.0,2.5,0.0,66.5,250.0,208
2018,NSW,19864,58.13,44.14,35.32,2034.95,39.43,7.65,37.65,37.53,2.38,5.31,63.52,553.99,209
2260,NSW,26264,57.93,44.5,41.17,2253.84,29.23,7.85,32.69,42.81,2.74,3.06,62.02,524.01,210
2912,ACT,8598,57.61,40.5,41.2,2435.93,43.92,8.3,8.79,32.35,2.67,4.77,75.79,482.88,211
2776,NSW,4148,57.5,43.72,37.78,2166.35,32.23,7.84,36.16,40.56,2.72,2.42,63.49,458.41,212
2136,NSW,7763,57.5,45.17,34.29,1952.07,35.33,7.9,38.73,39.95,2.75,5.82,59.25,477.66,212
2117,NSW,23201,57.39,44.06,35.44,1942.07,34.96,7.85,39.94,39.82,2.81,5.03,57.03,462.46,214
4000,QLD,20854,57.3,45.72,29.01,1858.35,45.84,8.95,21.03,32.98,1.88,7.76,68.59,441.97,215
2173,NSW,14536,57.3,36.71,46.55,2510.35,29.46,7.28,37.91,33.85,3.16,3.69,70.74,470.33,215
2763,NSW,34599,57.23,38.19,44.74,2421.22,34.68,6.64,37.77,34.98,3.12,4.98,67.6,473.84,217
2576,NSW,15059,56.92,49.76,32.99,1826.63,31.8,8.1,32.16,56.43,2.34,2.85,48.39,515.23,218
2145,NSW,88453,56.79,42.56,37.01,2084.55,37.55,6.96,38.99,36.58,2.91,6.05,58.93,451.54,219
4053,QLD,49579,56.68,44.72,39.92,2196.45,33.79,7.79,21.44,37.56,2.57,4.17,69.59,425.83,220
4009,QLD,1041,56.42,47.94,30.15,1906.58,35.14,9.0,22.69,35.0,1.8,3.87,68.52,455.59,221
3691,NSW,272,56.3,56.2,37.11,2125.0,27.15,7.0,15.33,47.0,2.6,2.2,62.6,215.0,222
2133,NSW,10991,56.23,45.54,34.04,1927.37,30.45,7.69,40.75,41.38,2.71,4.22,57.58,485.02,223
2115,NSW,13209,56.17,42.85,36.91,2012.82,31.7,7.6,38.57,37.97,2.81,5.46,59.41,416.55,224
2305,NSW,15871,55.96,45.95,37.2,2056.02,33.53,7.46,26.25,41.16,2.53,3.39,66.06,418.05,225
2903,ACT,9590,55.75,44.41,42.35,2350.03,33.77,7.53,10.72,39.53,2.66,4.34,64.8,416.93,226
2289,NSW,22374,55.41,43.49,39.55,2185.82,31.38,7.34,26.12,37.97,2.65,3.79,68.32,442.42,227
2296,NSW,2030,55.34,45.35,30.66,1815.93,38.17,8.1,28.4,34.85,2.13,4.97,74.33,433.96,228
4014,QLD,13664,55.26,42.16,43.91,2384.99,30.56,7.0,20.25,37.5,2.69,4.14,71.13,445.51,229
2083,NSW,2262,55.04,44.98,35.68,1814.99,29.92,7.23,39.61,50.36,2.32,3.27,58.64,388.63,230
2224,NSW,14568,54.97,43.19,39.21,2228.61,25.21,7.32,33.74,45.72,2.75,3.32,56.43,652.65,231
4107,QLD,7744,54.76,42.2,39.49,2117.16,37.03,7.31,18.43,35.93,2.65,5.23,70.54,392.01,232
2777,NSW,17812,54.6,42.39,37.07,2044.55,28.95,7.43,34.95,44.31,2.63,3.32,61.74,429.7,233
2534,NSW,5976,54.54,45.77,34.12,1961.03,32.12,7.6,26.73,48.21,2.57,3.25,58.32,491.25,234
2778,NSW,2432,54.42,44.81,29.71,1936.53,32.8,7.73,35.46,45.53,2.52,3.87,62.26,425.4,235
2134,NSW,18387,54.08,40.93,29.13,1714.6,39.72,8.21,33.63,34.37,2.58,8.27,55.95,495.49,236
2233,NSW,30364,53.97,37.25,46.04,2465.71,23.26,6.68,33.59,41.12,2.93,2.58,65.88,579.43,237
2036,NSW,33785,53.84,40.1,38.9,2161.18,29.51,7.06,32.7,40.83,2.6,4.64,58.41,583.76,238
2902,ACT,15679,53.84,42.58,41.18,2303.1,32.16,7.43,10.32,40.96,2.6,4.18,63.06,425.38,238
2615,ACT,47320,53.67,40.86,42.3,2331.22,31.92,7.5,10.45,37.31,2.71,4.01,68.46,427.21,240
2782,NSW,6441,53.57,46.14,26.15,1560.42,35.27,7.77,38.02,49.95,2.33,4.38,50.59,429.9,241
2481,NSW,14213,53.43,44.86,32.1,1863.81,33.23,7.51,27.54,41.07,2.48,4.96,60.46,589.43,242
4112,QLD,9391,53.42,41.49,36.53,2096.77,36.57,7.55,16.31,36.76,3.26,6.13,62.16,486.01,243
2213,NSW,23943,53.27,38.93,40.34,2122.66,25.86,6.66,40.1,39.01,2.9,4.13,58.91,480.52,244
2217,NSW,31200,53.22,41.19,32.38,1955.39,34.35,7.36,32.89,40.16,2.56,5.51,59.93,514.92,245
2146,NSW,22220,53.18,38.75,36.83,2085.99,34.5,6.52,35.74,36.66,2.93,5.86,60.27,428.78,246
2116,NSW,8354,53.12,39.93,32.98,1904.25,33.41,7.32,37.41,37.81,2.76,5.8,60.51,417.36,247
2228,NSW,22189,53.1,41.21,37.18,2137.18,26.6,7.04,33.87,41.63,2.57,3.79,61.38,562.93,248
4013,QLD,6066,53.04,41.04,35.46,2045.07,34.7,7.57,21.14,35.32,2.32,4.63,72.59,365.89,249
2222,NSW,14274,52.9,39.15,32.76,1980.95,34.59,7.18,36.31,39.67,2.71,4.93,58.99,486.27,250
2798,NSW,3587,52.78,43.44,39.47,2221.79,25.75,7.16,19.69,43.79,2.72,1.99,65.46,280.69,251
2525,NSW,12330,52.74,40.46,39.75,2142.11,28.5,6.78,28.1,40.23,2.82,4.16,61.56,460.53,252
2294,NSW,2587,52.61,45.84,30.1,1874.34,34.02,7.34,24.15,36.12,2.24,5.07,68.79,425.44,253
4122,QLD,47157,52.55,42.25,34.35,2000.87,35.41,7.42,18.64,37.41,2.72,5.62,65.36,427.44,254
4567,QLD,11981,52.48,43.34,32.82,1902.27,31.7,7.51,25.5,49.49,2.39,4.09,56.96,560.36,255
2303,NSW,10900,52.42,45.4,31.47,1772.73,32.93,7.25,26.38,42.2,2.25,6.92,60.04,413.66,256
2601,ACT,7684,52.41,43.61,30.6,997.09,38.32,10.0,12.79,25.09,1.32,11.81,64.1,302.36,257
2581,NSW,4005,52.41,43.64,39.55,2303.94,24.81,6.74,20.67,43.64,2.7,2.54,67.18,342.0,257
4123,QLD,23021,52.33,40.99,37.29,2163.84,34.37,6.99,16.98,36.37,2.98,5.32,68.49,465.52,259
2784,NSW,1299,52.33,41.43,30.76,1745.54,29.61,8.0,35.41,45.38,2.47,2.52,59.91,413.42,259
2219,NSW,13901,52.31,42.83,34.72,1939.88,25.48,7.17,34.53,44.69,2.48,4.55,56.08,543.39,261
4474,QLD,240,52.24,56.76,17.28,1542.0,19.12,8.0,43.24,46.0,2.7,0.7,73.4,100.0,262
4461,QLD,212,52.14,62.61,21.43,1645.0,6.08,8.0,37.39,48.0,2.6,1.7,65.7,241.0,263
2533,NSW,17317,52.1,43.83,32.37,1881.14,29.71,7.42,27.32,48.69,2.55,3.4,54.43,492.4,264
2207,NSW,31074,51.56,40.64,35.12,1935.06,27.51,6.86,34.83,41.35,2.87,5.15,54.44,502.19,265
4179,QLD,20989,51.55,41.19,38.78,2165.51,27.31,6.88,20.86,42.22,2.65,4.5,66.08,429.64,266
2900,ACT,4182,51.52,45.7,27.11,1901.84,37.5,8.08,9.6,38.74,1.92,3.5,68.67,481.27,267
2208,NSW,14660,51.49,40.65,35.74,1922.34,26.81,6.58,37.52,41.7,2.92,4.66,54.19,502.44,268
2411,NSW,658,51.39,50.03,36.57,2047.53,14.97,7.0,22.23,35.66,2.77,0.61,66.51,194.45,269
2785,NSW,5176,51.16,46.83,19.29,1392.4,36.31,7.8,36.53,52.42,2.09,3.93,50.98,368.03,270
2386,NSW,590,51.15,59.12,24.03,1577.79,14.85,7.12,31.95,41.31,2.5,0.73,62.39,107.96,271
2557,NSW,20179,51.13,34.63,45.45,2429.44,24.18,5.93,30.78,32.37,3.24,3.77,70.02,530.49,272
2678,NSW,1338,51.09,32.09,42.48,2508.53,25.48,9.0,6.69,24.73,2.61,8.45,74.76,377.9,273
2179,NSW,16264,51.07,36.3,40.06,2241.68,28.14,6.16,32.45,33.64,3.25,4.74,63.44,519.48,274
2582,NSW,14574,50.7,40.02,41.32,2352.22,25.29,6.58,15.47,42.82,2.72,2.85,66.17,407.42,275
2758,NSW,9094,50.58,35.09,44.34,2434.83,21.55,6.16,29.96,43.45,2.98,2.71,66.05,487.14,276
4054,QLD,14750,50.49,40.76,35.86,2009.83,28.64,7.09,20.29,39.71,2.61,4.65,65.12,419.46,277
2817,NSW,361,50.28,63.08,18.66,1176.0,16.78,7.0,34.36,45.0,2.3,2.5,67.7,148.0,278
2218,NSW,16599,50.28,37.29,30.98,1885.12,34.47,6.9,33.39,38.48,2.69,6.02,59.4,476.63,278
2745,NSW,31970,50.27,33.17,47.89,2591.47,20.83,5.53,30.04,35.43,3.19,2.9,71.92,493.87,280
2500,NSW,44229,50.22,41.44,27.53,1682.84,34.22,7.48,28.15,36.32,2.29,6.31,60.48,406.87,281
2220,NSW,35908,50.11,35.05,31.27,1865.39,37.56,7.21,29.9,36.27,2.89,6.67,57.46,490.12,282
2167,NSW,10542,50.09,36.05,35.13,2022.08,33.78,6.26,31.81,37.65,2.96,5.75,60.31,416.91,283
2387,NSW,926,50.08,53.26,29.06,1759.44,15.6,6.93,26.88,34.91,2.57,1.31,66.02,122.49,284
2734,NSW,1115,50.07,53.13,31.31,1755.04,13.61,7.18,23.35,43.93,2.81,0.94,68.53,207.78,285
2906,ACT,18112,49.9,35.71,46.62,2531.96,23.47,6.7,8.44,37.51,2.79,3.18,72.98,428.64,286
4160,QLD,19054,49.75,38.7,39.66,2220.65,24.93,6.65,19.08,44.46,2.73,3.87,65.09,479.04,287
4008,QLD,1284,49.73,42.28,28.59,1869.0,31.34,7.53,20.39,37.65,1.86,3.95,67.42,435.61,288
2620,NSW,46022,49.69,37.5,42.56,2411.98,27.26,6.5,9.49,38.27,2.58,3.49,69.61,416.18,289
2517,NSW,14459,49.39,41.05,34.12,1862.0,25.14,6.51,31.12,43.22,2.57,3.73,58.63,433.62,290
2565,NSW,31592,49.08,35.21,36.94,2124.22,30.67,5.83,31.1,35.0,3.11,5.68,61.25,464.96,291
2209,NSW,17552,49.07,39.04,31.62,1731.87,28.42,6.55,36.62,40.82,2.8,6.2,52.48,454.59,292
2779,NSW,5859,49.03,39.39,29.04,1747.26,29.6,7.0,33.62,42.06,2.56,4.19,61.03,390.55,293
2212,NSW,17884,48.96,37.59,35.19,1941.77,25.22,6.24,36.12,38.28,2.95,5.11,54.6,464.92,294
2211,NSW,18012,48.92,37.8,34.4,1921.9,25.14,6.19,38.01,41.03,2.8,4.79,55.04,458.55,295
2826,NSW,218,48.82,55.2,28.95,1375.0,14.44,7.0,24.0,45.0,2.6,1.6,69.4,158.0,296
4521,QLD,5714,48.79,37.82,40.15,2201.36,22.43,6.42,21.09,44.17,2.81,3.29,63.25,381.41,297
2408,NSW,1018,48.77,55.07,25.2,1540.04,14.56,6.87,28.94,41.36,2.62,1.54,63.04,205.32,298
2178,NSW,7489,48.72,36.15,43.95,2331.19,17.99,5.52,30.89,37.84,3.56,3.75,56.59,518.86,299
2905,ACT,28695,48.69,36.33,43.06,2416.05,24.5,6.59,8.49,37.23,2.72,3.57,70.18,435.32,300
2171,NSW,40059,48.42,32.96,44.11,2396.89,20.31,5.63,30.6,33.92,3.66,5.3,59.81,536.3,301
4424,QLD,454,48.41,56.77,20.8,1509.08,15.25,6.58,33.78,38.0,2.52,2.01,72.85,150.0,302
4425,QLD,454,48.41,56.77,20.8,1509.08,15.25,6.58,33.78,38.0,2.52,2.01,72.85,150.0,302
4467,QLD,807,48.38,58.65,18.82,1454.12,9.71,6.67,41.73,44.16,2.69,1.44,75.11,142.84,304
2282,NSW,17807,48.3,39.74,35.11,1945.18,25.85,6.37,24.12,46.24,2.58,3.42,60.24,459.89,305
4228,QLD,5598,48.14,37.68,40.72,2348.17,21.7,6.02,18.23,42.82,3.2,4.73,63.91,530.93,306
4116,QLD,29093,48.09,36.65,32.34,1998.5,36.42,6.75,14.37,35.36,3.14,5.72,66.24,466.15,307
2519,NSW,17249,48.08,39.44,32.64,1802.12,28.16,6.46,27.13,40.76,2.54,4.44,57.84,444.23,308
2210,NSW,34383,48.0,36.97,32.6,1871.25,26.47,6.39,34.94,42.54,2.75,5.89,52.7,443.97,309
4130,QLD,9546,47.96,34.96,43.79,2391.26,22.37,5.82,17.99,40.83,2.97,4.37,68.01,477.34,310
2786,NSW,1589,47.87,42.25,22.36,1473.6,32.03,7.28,31.73,50.74,2.16,3.86,53.02,357.14,311
2780,NSW,13340,47.78,44.56,19.68,1256.54,33.76,7.12,34.52,50.1,2.07,5.44,51.7,389.42,312
4489,QLD,330,47.78,59.66,18.97,1142.0,10.08,7.0,38.07,37.0,2.6,4.4,70.7,160.0,312
4113,QLD,29762,47.37,36.0,30.85,1893.73,36.11,6.91,15.58,36.45,2.9,6.36,63.93,439.98,314
2567,NSW,42182,47.36,31.77,46.15,2548.23,18.34,5.14,27.78,34.85,3.21,3.17,70.54,509.63,315
4218,QLD,35355,47.25,39.86,31.31,1884.17,27.11,7.05,16.9,41.49,2.33,4.56,63.1,555.78,316
2251,NSW,33787,47.23,38.23,33.58,1894.37,23.33,6.29,30.26,46.24,2.63,3.31,57.51,462.77,317
2783,NSW,3380,47.22,40.33,24.45,1562.85,30.24,6.85,33.73,43.73,2.4,4.49,60.87,385.77,318
2661,NSW,499,47.2,32.95,44.87,2522.0,11.95,8.0,6.59,23.0,3.5,1.4,91.7,255.0,319
2214,NSW,4077,47.14,34.33,40.25,2122.21,18.91,5.77,33.71,39.34,2.97,3.63,58.93,537.74,320
2216,NSW,28502,46.99,35.31,30.19,1822.48,31.63,6.53,29.01,38.61,2.56,6.32,59.45,482.14,321
2570,NSW,64277,46.83,32.74,42.07,2323.09,20.96,5.53,26.91,35.52,3.07,3.4,68.07,476.75,322
2864,NSW,1362,46.81,46.0,30.11,1746.14,19.99,6.49,20.93,45.4,2.53,1.9,64.41,243.55,323
4562,QLD,8789,46.71,38.62,32.86,1946.98,24.98,6.37,22.67,46.13,2.82,3.76,61.59,486.28,324
2147,NSW,37477,46.61,35.77,33.87,1929.6,26.13,5.61,34.07,38.12,2.8,5.58,57.93,418.16,325
4728,QLD,576,46.57,58.34,15.52,1325.72,9.65,6.0,47.69,39.62,2.64,2.3,67.18,92.66,326
4212,QLD,33458,46.43,37.72,36.33,2118.45,21.92,6.21,18.91,45.32,2.7,5.25,60.78,616.87,327
2568,NSW,1389,46.3,38.88,36.09,2050.97,16.37,5.53,33.11,50.08,2.81,1.23,48.61,384.1,328
4423,QLD,685,46.27,58.51,13.92,1331.5,14.02,7.01,30.91,41.43,2.81,1.79,65.93,149.72,329
2727,NSW,634,46.26,47.04,27.34,1882.39,16.6,6.06,27.06,39.7,2.64,0.9,63.54,152.31,330
2141,NSW,33054,46.14,34.82,29.74,1815.9,30.85,6.35,29.1,35.88,2.98,7.57,54.28,477.05,331
2258,NSW,5239,46.11,36.73,35.45,2056.52,21.12,5.96,26.47,41.25,2.77,2.73,64.47,418.18,332
4454,QLD,1339,46.08,50.94,28.05,1921.13,8.46,5.59,31.31,43.56,2.56,1.5,67.34,146.12,333
2342,NSW,603,46.07,45.72,31.01,1768.69,15.89,5.62,30.29,39.98,2.7,1.88,68.84,261.91,334
4119,QLD,6811,46.01,34.64,35.23,2041.87,31.72,6.19,12.95,33.73,3.08,6.53,67.88,413.86,335
4732,QLD,302,45.98,61.73,11.88,1281.0,7.88,6.0,46.3,42.0,2.5,2.4,68.8,86.0,336
4572,QLD,4236,45.82,39.98,28.87,1689.28,28.0,6.91,16.89,45.53,2.13,4.57,62.11,395.91,337
4272,QLD,8231,45.8,41.52,25.53,1582.85,27.72,7.02,21.18,50.04,2.51,3.84,54.05,438.81,338
2791,NSW,628,45.79,46.12,30.18,1846.68,15.7,6.23,21.19,46.85,2.42,3.65,67.21,225.64,339
2191,NSW,6549,45.76,36.38,30.99,1731.7,22.82,6.37,34.55,40.44,2.88,4.44,50.71,448.79,340
2397,NSW,1516,45.61,50.01,25.55,1608.39,15.71,6.18,25.17,39.82,2.61,1.43,62.88,156.42,341
4509,QLD,37964,45.6,33.71,36.95,2190.93,25.67,6.12,16.17,34.42,3.02,5.23,72.71,424.88,342
2748,NSW,1794,45.6,33.65,43.65,2287.0,16.78,4.72,29.58,46.77,3.17,3.32,59.24,508.83,342
4034,QLD,48554,45.58,36.84,32.91,1950.29,27.55,6.28,16.85,40.0,2.55,5.06,63.31,421.52,344
4573,QLD,32000,45.23,37.85,29.96,1839.54,26.69,6.53,19.23,43.16,2.61,4.1,63.27,501.5,345
2535,NSW,8272,45.2,42.49,27.06,1547.27,25.02,6.46,22.86,55.52,2.3,3.56,47.31,457.23,346
2379,NSW,899,45.02,53.68,18.59,1417.55,16.56,6.37,26.95,45.77,2.46,2.7,64.55,198.8,347
4220,QLD,32963,45.0,38.3,31.01,1869.94,25.08,6.59,15.6,41.56,2.44,4.37,63.67,535.54,348
2578,NSW,3528,44.87,39.01,23.03,1411.94,30.96,6.99,25.93,58.22,2.22,2.62,48.78,398.19,349
2577,NSW,18830,44.76,38.25,30.59,1782.66,24.85,6.12,22.42,47.61,2.5,2.98,58.66,424.46,350
4810,QLD,22265,44.73,42.8,26.9,1712.76,29.0,6.72,6.57,40.89,2.03,4.64,63.7,315.03,351
4164,QLD,19253,44.69,32.45,40.2,2308.58,20.38,5.73,16.96,38.05,2.95,3.7,70.92,480.43,352
2487,NSW,15394,44.66,39.01,30.06,1818.25,25.07,6.16,19.25,46.84,2.55,4.25,58.08,523.6,353
2571,NSW,13611,44.64,31.29,43.14,2418.19,16.69,4.91,25.73,37.78,3.04,2.81,68.49,467.27,354
2757,NSW,851,44.64,35.19,40.46,1940.85,18.93,5.0,27.42,43.79,2.83,3.2,61.74,478.86,354
2128,NSW,3599,44.58,36.68,32.37,1239.37,21.29,6.82,32.46,35.05,1.77,4.04,39.69,304.88,356
4479,QLD,435,44.54,43.16,30.82,1875.0,14.37,6.0,23.5,44.0,2.6,2.1,70.6,225.0,357
2726,NSW,346,44.49,52.94,20.16,1387.0,15.66,6.0,28.34,45.0,2.4,1.6,67.1,203.0,358
4032,QLD,20907,44.45,37.19,28.04,1762.31,29.64,6.59,16.22,38.61,2.25,5.2,63.94,397.84,359
4017,QLD,37753,44.39,36.4,33.82,1958.94,24.57,5.85,17.64,41.39,2.65,4.62,65.02,390.49,360
2526,NSW,17179,44.29,34.28,36.36,2044.35,22.78,5.28,24.37,40.73,2.77,4.56,59.95,428.94,361
2809,NSW,289,44.26,52.99,19.66,1107.0,12.65,7.0,28.36,52.0,2.3,4.3,56.9,200.0,362
4709,QLD,1157,44.12,33.01,51.24,2801.74,9.83,3.84,15.1,32.87,2.98,2.74,72.29,66.75,363
4227,QLD,24075,44.1,36.17,30.97,1940.51,26.02,6.42,14.24,37.08,2.72,4.69,67.86,523.21,364
4705,QLD,1024,44.09,51.3,23.45,1667.28,8.93,5.07,37.51,44.63,2.63,1.33,66.86,136.78,365
4213,QLD,31148,44.03,34.65,36.22,2151.32,21.7,5.84,15.41,40.85,3.04,4.67,65.79,522.27,366
2421,NSW,2573,43.85,34.86,37.92,2089.02,18.99,5.13,23.54,40.81,2.82,2.97,65.17,309.74,367
2767,NSW,23374,43.83,29.76,35.42,2044.99,29.91,4.97,27.05,36.64,3.18,6.8,58.11,402.16,368
2792,NSW,1498,43.81,45.45,26.83,1759.06,15.78,5.64,25.17,46.79,2.46,2.62,65.28,216.96,369
4556,QLD,47381,43.72,36.81,30.21,1873.78,25.58,6.3,15.18,43.72,2.64,4.57,60.87,470.09,370
2828,NSW,1621,43.71,54.36,17.55,1260.32,14.26,6.34,26.52,43.15,2.4,5.92,60.67,152.54,371
2878,NSW,965,43.6,52.32,22.68,1497.71,12.18,5.27,29.98,43.1,2.59,2.36,60.42,141.19,372
4494,QLD,195,43.31,48.6,14.29,1474.0,17.12,7.0,28.97,34.0,2.7,1.9,72.5,50.0,373
4109,QLD,38424,43.26,33.58,28.59,1737.53,34.06,6.27,13.96,36.88,2.97,7.37,57.7,429.82,374
2627,NSW,5900,43.2,32.73,34.54,2102.95,23.84,6.04,14.06,37.3,2.6,1.74,74.67,405.51,375
4416,QLD,619,43.18,47.72,22.68,1568.05,14.38,5.85,28.06,37.42,2.54,1.85,76.06,178.84,376
4468,QLD,487,43.15,53.16,15.64,1365.43,6.82,6.28,39.83,46.9,2.53,2.22,72.53,65.45,377
4498,QLD,380,43.15,47.73,24.18,1583.54,14.97,5.54,26.78,33.51,2.8,2.0,74.4,113.29,377
2250,NSW,73031,43.07,35.92,29.87,1786.33,22.39,5.66,27.83,42.42,2.56,4.89,59.35,409.13,379
4178,QLD,28412,43.04,35.74,33.16,1908.82,23.57,5.56,17.89,41.82,2.53,4.73,64.22,409.14,380
4575,QLD,28024,42.99,37.51,30.99,1844.68,23.91,5.91,14.57,44.34,2.49,4.18,60.35,499.38,381
4115,QLD,20325,42.96,32.49,32.47,1992.52,28.85,5.74,15.14,37.5,3.02,5.46,66.68,437.6,382
4566,QLD,9330,42.92,38.99,24.94,1573.55,23.78,6.47,22.98,56.36,2.22,3.97,48.05,559.79,383
2350,NSW,28024,42.92,38.88,22.81,1515.44,28.34,6.39,22.45,38.45,2.33,5.87,57.49,306.01,383
2482,NSW,6969,42.83,41.57,20.18,1356.51,27.38,6.53,23.87,46.2,2.51,5.93,53.45,448.42,385
4173,QLD,8459,42.82,34.01,34.06,1987.7,24.34,5.5,16.86,38.95,2.57,3.77,69.57,428.9,386
2290,NSW,36651,42.76,35.56,32.63,1869.66,23.37,5.29,21.72,41.04,2.55,4.29,62.07,399.22,387
4553,QLD,10941,42.72,32.6,35.71,2198.38,21.24,5.74,14.08,36.76,3.0,3.62,70.92,486.13,388
4223,QLD,15522,42.67,36.9,31.48,1843.47,22.37,5.97,15.02,43.5,2.66,4.25,62.66,501.11,389
2645,NSW,845,42.62,55.64,15.23,1409.97,13.73,5.88,23.12,46.51,2.66,4.66,63.99,142.53,390
4226,QLD,37275,42.55,35.59,28.83,1805.37,24.45,6.51,14.85,41.8,2.59,5.05,62.56,570.5,391
4128,QLD,18258,42.52,32.25,37.86,2194.36,21.06,5.28,14.64,38.41,2.9,5.03,69.7,422.79,392
4462,QLD,557,42.47,41.75,32.36,1723.34,13.64,4.83,28.04,39.57,2.88,0.75,64.02,206.46,393
2622,NSW,5269,42.45,39.93,26.1,1604.86,24.25,5.95,19.21,49.23,2.32,3.68,58.6,323.93,394
2761,NSW,34700,42.41,26.83,39.1,2268.05,25.23,4.46,25.91,33.75,3.39,5.11,63.63,451.48,395
4217,QLD,45531,42.4,36.7,26.2,1697.17,26.51,6.44,16.21,44.02,2.2,6.36,57.35,542.89,396
4221,QLD,28872,42.3,36.44,30.77,1828.95,23.21,5.98,14.1,40.97,2.56,4.37,64.39,519.03,397
4488,QLD,493,42.28,56.87,11.66,1163.68,10.83,6.09,33.01,44.87,2.46,1.46,69.47,78.72,398
4422,QLD,606,42.13,53.63,12.49,1195.46,10.72,6.44,34.45,46.17,2.45,2.52,64.78,183.65,399
2175,NSW,1791,42.13,32.48,38.65,2197.18,12.85,4.43,31.87,44.88,3.23,1.98,49.82,439.5,399
2298,NSW,10159,42.11,36.74,26.91,1623.46,25.49,6.0,20.83,39.39,2.27,5.12,61.94,377.2,401
2721,NSW,619,42.11,50.93,18.87,1428.58,11.02,6.0,27.38,41.21,2.79,3.57,62.22,193.77,401
4224,QLD,8658,42.03,36.96,28.36,1806.9,22.84,6.22,14.53,39.69,2.5,4.38,65.07,492.6,403
4552,QLD,9230,42.02,40.98,20.55,1308.51,27.18,6.35,22.83,56.12,2.3,4.97,46.89,378.78,404
2569,NSW,1738,41.94,28.39,41.23,2223.47,14.92,5.1,25.22,41.27,3.07,1.4,60.39,426.71,405
2873,NSW,1314,41.84,54.39,14.15,1331.47,12.19,6.17,24.67,47.66,2.6,3.24,62.93,160.91,406
4174,QLD,3068,41.55,30.76,37.7,2213.92,21.77,4.88,15.33,36.61,2.76,3.67,71.67,473.77,407
2292,NSW,3922,41.49,37.79,24.03,1591.96,25.32,5.75,23.54,36.63,2.22,7.19,61.4,369.66,408
4412,QLD,697,41.39,46.24,22.4,1574.7,10.19,5.5,31.19,40.01,2.65,0.86,65.29,204.89,409
2304,NSW,15825,41.38,36.72,25.59,1589.36,25.61,5.59,23.76,38.57,2.25,5.1,62.11,372.77,410
2652,NSW,8762,41.34,44.77,26.73,1719.83,14.18,5.13,20.34,41.19,2.73,2.19,66.61,223.31,411
2198,NSW,10001,41.32,34.51,29.42,1771.98,16.39,5.64,31.32,37.1,3.26,4.7,46.39,525.52,412
2875,NSW,1491,41.24,51.85,17.24,1320.4,13.13,5.72,24.84,45.74,2.48,3.58,58.76,168.65,413
4426,QLD,914,41.24,45.84,22.29,1696.67,11.44,5.03,31.72,43.54,2.59,0.19,69.02,114.17,413
4210,QLD,22597,41.04,30.5,38.02,2234.76,18.81,5.19,13.04,37.32,3.07,4.69,71.58,507.8,415
2585,NSW,676,40.9,48.47,17.41,1248.85,16.15,6.0,25.04,45.98,2.35,2.04,61.68,201.54,416
4404,QLD,1278,40.82,48.51,19.65,1491.74,11.31,5.32,29.26,41.94,2.59,3.38,66.27,190.54,417
4159,QLD,15484,40.82,32.85,35.3,2041.11,19.39,5.08,15.69,43.86,2.71,4.14,62.8,466.21,417
2876,NSW,1082,40.77,46.18,25.35,1652.02,13.0,5.0,20.53,41.21,2.85,3.57,62.26,186.62,419
2868,NSW,1597,40.74,47.56,19.1,1553.13,14.73,5.63,22.16,44.47,2.64,2.6,62.31,217.96,420
2668,NSW,867,40.62,51.03,17.6,1308.53,10.31,5.58,28.57,45.67,2.59,4.37,55.85,143.57,421
4306,QLD,45243,40.35,31.15,36.16,2099.32,18.81,5.17,14.11,37.13,2.83,3.61,68.79,369.86,422
2143,NSW,9970,40.34,32.83,26.94,1627.41,24.52,5.25,28.98,35.46,3.12,8.99,48.51,412.21,423
2265,NSW,7573,40.26,33.76,30.78,1751.58,21.62,5.11,21.6,43.21,2.7,4.8,58.13,379.27,424
4879,QLD,22485,40.24,35.1,27.61,1783.19,22.59,5.81,14.71,43.46,2.47,4.8,64.47,432.56,425
2707,NSW,1538,40.22,47.35,18.58,1727.8,14.32,5.46,18.94,42.45,2.55,1.37,71.11,196.94,426
2231,NSW,2531,40.19,28.94,39.72,2173.69,11.88,4.9,23.69,38.13,3.11,3.08,64.41,576.67,427
2483,NSW,11816,40.16,37.84,19.73,1472.22,25.89,6.09,21.81,44.27,2.46,5.4,57.2,482.23,428
4724,QLD,1063,40.11,50.48,17.5,1441.2,8.66,4.57,37.17,43.12,2.58,2.57,68.24,111.62,429
4108,QLD,8008,40.09,31.75,22.96,1644.31,35.35,6.06,12.14,33.59,2.64,7.31,63.85,370.39,430
2874,NSW,541,40.07,57.85,6.2,1088.88,11.91,6.07,27.48,45.1,2.54,6.1,56.47,84.1,431
2299,NSW,14327,40.06,35.94,24.29,1539.32,25.52,5.73,19.84,35.85,2.41,6.52,60.33,378.41,432
2831,NSW,3903,40.05,45.8,22.22,1585.9,12.7,5.19,23.22,42.52,2.63,2.5,64.59,206.21,433
2588,NSW,299,40.01,42.54,22.61,1416.0,16.87,6.0,19.4,54.0,2.3,4.9,56.7,200.0,434
4559,QLD,7588,40.0,34.05,31.84,1883.16,21.13,5.25,13.35,43.16,2.81,4.69,63.24,420.56,435
2629,NSW,953,39.98,44.16,24.3,1307.51,17.89,5.35,19.37,52.92,2.17,4.06,50.96,264.99,436
2190,NSW,29665,39.93,35.46,25.35,1502.31,20.89,5.46,29.13,33.81,3.38,8.16,43.19,437.88,437
2410,NSW,584,39.84,54.27,12.58,1062.6,11.82,5.16,32.99,45.92,2.48,7.04,50.57,161.56,438
2405,NSW,500,39.78,51.58,13.97,1343.0,8.39,6.0,26.84,43.0,2.4,3.1,46.5,173.0,439
2575,NSW,18982,39.64,32.47,30.99,1860.07,21.57,4.88,20.66,42.81,2.63,3.11,62.6,445.75,440
4214,QLD,38862,39.61,33.39,29.81,1865.72,22.89,5.53,11.29,40.93,2.8,5.92,62.04,508.36,441
2287,NSW,42005,39.59,33.08,30.58,1856.16,22.13,4.87,18.92,37.46,2.68,5.11,64.05,420.2,442
4110,QLD,16980,39.54,30.02,30.79,1927.27,28.77,5.02,12.37,33.39,2.96,7.12,66.51,399.68,443
2624,NSW,174,39.53,37.9,0.0,3524.86,30.85,5.0,13.7,29.71,3.09,1.74,78.58,326.28,444
4557,QLD,20152,39.52,33.57,27.7,1788.18,23.59,5.63,14.17,39.96,2.57,4.02,66.57,471.43,445
4352,QLD,35652,39.5,34.23,32.55,1973.61,18.61,5.1,11.82,41.65,2.85,3.31,66.05,357.45,446
2626,NSW,509,39.45,31.55,38.94,2175.34,17.66,4.47,9.14,44.83,2.58,3.83,67.29,359.09,447
2344,NSW,671,39.36,38.41,27.86,1761.94,13.24,5.02,23.58,47.14,2.53,1.32,68.65,321.56,448
4408,QLD,1281,39.33,46.73,18.5,1426.87,13.81,5.07,26.87,43.39,2.46,3.18,66.61,181.7,449
2752,NSW,6290,39.27,25.86,45.86,2388.86,12.33,3.35,24.35,36.09,3.13,2.49,68.81,447.61,450
4270,QLD,4889,39.21,29.29,40.25,2213.68,13.92,4.4,16.68,41.49,3.12,4.57,64.82,449.2,451
2584,NSW,550,39.06,40.45,18.89,1482.21,15.17,6.9,17.82,45.55,2.28,1.55,58.03,283.53,452
2555,NSW,492,39.05,39.82,26.13,1743.72,10.09,4.65,30.81,42.71,3.03,2.41,50.44,511.77,453
2738,NSW,2812,39.05,38.36,31.03,1930.19,14.09,4.78,12.76,40.29,2.78,2.32,65.95,238.93,453
4078,QLD,27322,38.97,31.39,29.68,1876.1,24.31,5.14,14.35,36.77,2.88,6.09,65.78,387.98,455
2148,NSW,68059,38.92,28.16,29.34,1827.36,26.95,4.56,26.14,35.38,2.89,6.71,57.6,410.69,456
2295,NSW,8082,38.92,32.13,29.89,1799.06,20.66,4.95,21.31,46.2,2.49,5.25,55.15,396.92,456
4300,QLD,68924,38.87,29.4,33.26,2072.03,22.02,4.87,13.69,32.74,3.01,6.42,70.42,387.27,458
2754,NSW,7068,38.82,29.99,32.02,1906.28,17.24,4.7,27.51,41.06,2.68,3.29,60.75,433.03,459
4163,QLD,16109,38.82,35.23,28.09,1704.85,19.48,5.4,15.45,51.79,2.36,4.71,52.62,491.52,459
2669,NSW,1756,38.81,52.45,13.63,1210.14,8.96,5.61,25.33,44.16,2.42,4.18,61.34,106.32,461
2142,NSW,31529,38.75,30.25,24.13,1559.19,28.68,5.3,25.66,32.41,2.97,9.51,50.05,384.71,462
2642,NSW,6934,38.73,39.95,25.58,1760.88,14.12,5.06,18.37,42.03,2.81,2.66,64.15,260.5,463
2800,NSW,49125,38.7,34.19,29.95,1837.2,21.69,5.04,10.98,38.58,2.56,3.67,63.45,353.6,464
2538,NSW,2845,38.7,40.53,21.31,1403.25,20.6,5.38,19.83,53.6,2.46,2.43,49.63,324.82,464
4611,QLD,279,38.66,49.6,18.18,1080.0,8.55,5.0,32.8,47.0,2.5,3.8,55.7,200.0,466
2454,NSW,8691,38.64,39.38,17.69,1318.95,25.8,5.85,18.41,47.67,2.44,5.86,53.79,350.27,467
2735,NSW,748,38.46,43.43,26.88,1434.25,11.79,5.05,16.31,45.0,2.68,3.16,67.22,232.94,468
4504,QLD,20916,38.46,27.96,38.08,2224.44,16.33,4.48,14.86,34.35,3.14,4.78,72.19,440.38,468
2579,NSW,5847,38.45,33.43,28.3,1707.24,20.14,4.95,20.99,46.85,2.53,3.04,56.54,367.85,470
2628,NSW,2880,38.44,36.77,25.97,1629.32,18.33,5.11,19.83,45.53,2.44,2.11,64.43,308.78,471
4726,QLD,831,38.37,46.19,19.73,1449.92,6.98,4.64,34.48,43.55,2.43,2.37,65.35,131.29,472
4406,QLD,2551,38.29,45.83,17.51,1369.88,11.26,5.08,29.72,41.98,2.65,2.56,64.16,202.64,473
2766,NSW,17064,38.27,26.81,32.78,1994.18,25.71,3.86,24.25,38.12,3.26,7.02,55.73,417.4,474
4555,QLD,7713,38.26,33.06,29.18,1830.04,20.86,5.03,14.19,43.84,2.74,4.15,61.95,406.77,475
2192,NSW,13800,38.25,32.31,23.37,1482.43,22.27,5.24,31.25,39.01,2.65,7.37,48.17,409.94,476
2733,NSW,1236,38.21,46.99,17.3,1341.09,10.26,5.51,24.34,44.71,2.41,1.42,60.47,126.17,477
2478,NSW,32372,38.2,35.84,24.7,1572.76,23.1,5.24,15.63,48.64,2.37,3.56,55.65,475.79,478
4018,QLD,14107,38.17,31.06,24.51,1688.14,28.68,5.44,14.65,39.71,2.49,5.46,63.15,385.9,479
4208,QLD,24322,38.16,28.9,36.71,2243.61,15.38,4.61,12.89,35.18,3.12,4.37,71.57,476.96,480
4165,QLD,39483,38.15,29.97,35.34,2027.79,16.76,4.73,14.31,43.1,2.78,3.98,64.11,467.61,481
2490,NSW,1008,38.14,31.6,33.57,1884.01,17.57,4.94,13.4,41.67,2.88,5.08,62.75,348.07,482
2805,NSW,1056,38.07,44.64,21.82,1346.01,11.64,5.3,20.48,48.28,2.54,2.34,56.41,269.74,483
2867,NSW,990,38.02,42.91,18.65,1539.21,15.39,5.37,19.82,44.25,2.63,3.18,59.28,223.44,484
4722,QLD,1868,37.95,39.36,25.64,1905.26,10.81,4.69,20.65,39.53,2.71,1.05,65.4,168.78,485
2529,NSW,29663,37.91,29.84,34.26,1944.74,16.61,4.35,21.4,41.43,2.75,4.01,61.22,489.36,486
2840,NSW,3345,37.89,43.05,23.22,1621.09,11.75,4.83,19.18,38.23,2.61,2.28,59.02,171.52,487
2640,NSW,40771,37.87,35.08,26.47,1707.43,22.28,5.21,10.57,41.09,2.44,4.41,63.43,313.9,488
2747,NSW,54410,37.84,28.08,32.76,1989.92,20.09,4.02,25.5,33.76,2.9,4.99,64.7,440.5,489
4744,QLD,9416,37.74,19.59,54.22,3020.47,12.31,3.02,3.14,31.05,2.79,2.33,70.58,213.79,490
2257,NSW,30446,37.72,34.84,24.51,1477.66,18.54,4.69,30.85,47.87,2.34,5.18,51.45,421.45,491
4500,QLD,46102,37.67,28.91,33.13,2048.21,18.98,4.72,14.53,37.02,2.86,5.16,68.0,404.25,492
2160,NSW,44616,37.64,31.2,24.46,1558.29,22.88,4.92,28.74,34.01,3.06,9.2,45.97,423.76,493
4420,QLD,1831,37.63,42.47,21.82,1665.9,10.74,4.21,28.96,42.17,2.49,1.41,68.36,191.46,494
4403,QLD,1186,37.62,44.64,19.25,1492.22,8.44,4.46,33.32,41.18,2.67,3.99,62.39,207.98,495
2518,NSW,20392,37.61,32.88,26.49,1506.98,20.7,4.91,24.89,41.81,2.37,5.18,55.47,353.18,496
2665,NSW,2895,37.6,48.68,16.44,1271.75,12.01,5.01,21.93,46.39,2.47,3.91,59.89,149.74,497
4111,QLD,1171,37.6,30.79,21.07,1295.05,26.13,6.89,16.36,33.81,1.96,10.72,62.35,278.98,497
2489,NSW,8231,37.42,34.58,23.79,1590.17,21.38,5.38,16.68,44.44,2.64,4.58,55.16,522.1,499
2756,NSW,36760,37.42,27.99,36.03,2122.97,13.53,3.98,24.22,37.31,2.91,3.14,66.09,440.68,499
2381,NSW,2280,37.37,45.24,19.97,1349.89,11.86,4.88,22.21,43.23,2.47,4.04,59.3,209.89,501
2280,NSW,27187,37.36,31.79,30.41,1742.22,19.17,4.4,20.63,45.06,2.53,4.5,58.3,414.0,502
2194,NSW,26123,37.35,29.34,21.93,1530.75,26.3,5.45,26.4,37.34,2.67,8.1,47.91,412.17,503
4417,QLD,1224,37.35,44.03,19.81,1423.59,13.0,4.92,21.6,39.75,2.77,0.93,66.56,143.23,503
2749,NSW,17040,37.29,26.88,37.77,2133.69,14.75,3.58,24.85,34.09,2.99,4.79,66.11,424.11,505
2488,NSW,3680,37.27,34.61,23.47,1603.48,21.17,5.44,15.64,41.89,2.55,4.29,62.61,458.6,506
2649,NSW,930,37.27,39.18,22.35,1474.99,17.66,4.74,21.94,48.28,2.51,2.19,59.68,226.18,506
4477,QLD,727,37.26,48.97,11.75,1303.32,7.86,5.05,33.88,45.65,2.53,2.87,66.42,91.44,508
4275,QLD,5117,37.12,30.95,31.37,1917.1,15.52,4.9,15.82,43.23,2.82,3.12,63.63,413.44,509
4225,QLD,8454,37.07,37.21,20.4,1380.68,22.73,5.55,15.28,48.7,1.94,5.77,55.83,425.73,510
2750,NSW,50175,37.03,30.51,28.69,1787.77,17.87,4.26,27.84,38.78,2.49,4.64,60.67,412.23,511
4020,QLD,25691,37.01,35.07,25.33,1591.61,19.31,5.08,16.13,50.37,2.29,5.74,53.85,408.72,512
4512,QLD,3948,37.0,30.05,36.17,2046.96,14.76,3.9,16.65,43.5,2.96,3.28,62.37,373.15,513
2753,NSW,17639,36.81,28.77,32.12,1950.93,15.7,4.25,23.91,40.35,2.76,3.62,60.61,434.02,514
2354,NSW,3847,36.75,42.75,17.02,1320.9,13.46,5.05,26.91,49.55,2.28,2.85,59.25,196.57,515
2285,NSW,35999,36.72,29.49,32.16,1951.44,18.41,4.13,18.35,37.42,2.72,4.29,66.3,426.03,516
2401,NSW,855,36.68,44.37,18.91,1447.62,12.67,5.0,17.42,41.35,2.8,0.78,62.2,179.51,517
4428,QLD,1113,36.67,43.14,20.03,1591.95,9.73,4.31,26.97,44.69,2.5,0.79,65.84,121.47,518
4106,QLD,1692,36.61,31.57,21.99,1491.08,28.06,5.33,15.09,34.45,2.27,8.36,66.45,336.21,519
4878,QLD,15484,36.61,32.24,25.39,1696.28,20.86,5.41,12.46,41.21,2.42,5.5,64.02,378.74,519
2477,NSW,13500,36.6,35.06,23.06,1561.29,21.59,4.95,16.56,48.02,2.5,3.54,57.66,397.28,521
4870,QLD,75156,36.55,33.43,24.97,1686.31,22.08,5.1,11.39,39.87,2.41,6.46,61.97,368.2,522
4561,QLD,8749,36.49,31.94,28.69,1875.91,19.29,4.45,14.45,41.02,2.82,4.58,64.69,442.6,523
4364,QLD,285,36.45,42.45,24.18,1531.0,9.69,4.0,23.74,39.0,2.6,4.2,63.7,245.0,524
2650,NSW,64298,36.39,33.26,27.1,1762.04,20.17,5.01,8.8,37.73,2.55,4.42,64.51,314.32,525
2398,NSW,556,36.35,41.34,21.68,1470.0,13.79,5.0,15.35,41.0,2.8,1.2,59.4,190.0,526
2818,NSW,1819,36.34,38.76,23.54,1659.65,14.35,4.65,16.73,43.54,2.61,2.84,65.64,277.89,527
2656,NSW,2081,36.26,46.29,14.85,1416.57,11.73,5.07,19.31,46.97,2.54,2.49,61.03,178.43,528
4382,QLD,1564,36.22,43.45,14.0,1210.11,19.81,5.0,20.88,51.21,2.36,2.52,56.23,242.56,529
2335,NSW,8948,36.22,26.23,38.25,2259.57,15.27,3.52,15.78,36.52,2.86,3.24,69.67,392.28,529
2625,NSW,400,36.2,30.28,24.18,1666.0,18.46,6.0,15.6,37.0,2.0,2.3,60.9,400.0,531
2170,NSW,114487,36.1,29.31,26.97,1692.74,19.53,4.46,25.88,35.88,3.03,7.95,49.84,434.79,532
2644,NSW,3128,36.09,39.68,21.65,1426.19,14.41,4.71,21.14,48.25,2.36,1.77,56.9,193.54,533
4036,QLD,6990,36.06,28.46,31.03,1921.0,19.31,4.47,14.65,36.46,2.75,4.83,67.0,392.55,534
2339,NSW,1194,36.04,39.68,24.18,1459.51,11.02,4.68,20.68,46.25,2.53,3.16,62.35,211.39,535
4811,QLD,14383,35.95,30.91,31.8,1828.4,18.8,4.88,4.77,37.07,2.5,4.31,62.56,313.65,536
4384,QLD,474,35.88,46.33,16.67,1258.0,13.27,4.0,25.69,50.0,2.4,4.3,58.5,200.0,537
2321,NSW,22250,35.82,28.03,34.05,2020.81,15.61,3.87,18.19,38.3,2.81,3.71,66.88,407.33,538
4427,QLD,1133,35.67,41.37,19.27,1546.93,10.18,4.25,27.64,44.79,2.53,0.99,63.01,127.28,539
2842,NSW,1348,35.6,50.12,9.92,1068.1,10.21,4.65,29.84,44.87,2.42,6.49,54.99,159.42,540
4554,QLD,1997,35.59,29.79,26.59,1876.4,18.15,4.9,15.45,45.02,2.95,5.09,59.22,381.56,541
4158,QLD,3876,35.51,31.55,26.49,1635.76,20.38,4.67,15.0,41.88,2.37,5.57,64.16,372.41,542
2196,NSW,36211,35.39,29.99,24.02,1526.65,20.07,4.68,26.17,35.13,3.19,8.83,45.66,429.99,543
4411,QLD,393,35.37,41.6,22.67,1461.95,5.98,4.17,27.79,44.54,2.65,4.12,62.65,160.3,544
4346,QLD,2387,35.3,32.19,29.72,1728.69,16.22,4.01,17.02,44.81,2.6,2.93,62.87,320.22,545
4502,QLD,8758,35.28,28.86,29.44,1911.02,18.3,4.38,14.75,37.77,2.71,6.41,66.54,394.36,546
4746,QLD,2251,35.26,26.19,42.55,2519.92,9.18,3.25,7.66,32.96,2.61,2.05,58.99,108.92,547
2176,NSW,50002,35.23,29.66,29.56,1708.53,15.3,3.81,27.45,40.94,3.31,7.01,43.61,468.17,548
4884,QLD,1917,35.19,36.96,19.32,1331.07,21.97,5.04,13.88,52.93,2.27,3.68,54.19,269.41,549
2759,NSW,26427,35.18,23.9,36.97,2131.63,15.29,3.15,24.54,36.15,3.07,4.44,64.06,446.12,550
4496,QLD,304,35.11,53.33,13.46,1286.0,7.17,4.0,18.0,38.0,2.6,4.4,66.7,205.0,551
4157,QLD,19767,35.11,28.17,31.57,1917.9,17.32,4.29,13.5,40.64,2.67,4.45,65.1,409.0,551
2631,NSW,1174,34.95,40.85,19.35,1347.59,17.03,4.2,18.58,49.66,2.27,3.52,55.78,234.1,553
2256,NSW,16206,34.92,33.47,21.25,1357.12,18.56,4.18,31.2,48.34,2.24,5.94,49.39,385.6,554
2453,NSW,3574,34.92,42.42,13.36,1086.93,16.74,4.9,25.27,51.81,2.24,4.16,51.99,254.11,554
4211,QLD,63009,34.91,28.76,29.09,1857.01,18.31,4.61,12.05,39.97,2.8,5.21,65.6,464.37,556
4564,QLD,11963,34.87,31.65,23.43,1595.67,20.22,4.94,15.13,48.6,2.36,4.53,56.42,491.73,557
4216,QLD,39698,34.86,32.43,23.75,1561.62,18.25,5.06,15.04,49.81,2.24,5.81,53.15,520.67,558
2200,NSW,52510,34.86,30.26,21.0,1457.06,21.98,4.84,24.96,34.49,3.11,9.29,45.5,438.84,558
4706,QLD,395,34.76,48.13,10.53,1140.0,8.55,4.0,36.36,54.0,2.2,2.6,57.1,120.0,560
2822,NSW,773,34.75,37.88,25.52,1360.62,11.18,4.04,23.26,45.38,2.67,1.32,60.4,182.73,561
4719,QLD,1256,34.74,41.54,18.05,1444.85,11.46,4.33,23.19,40.13,2.32,2.14,64.11,201.16,562
2775,NSW,2707,34.72,35.53,21.34,1396.3,16.47,4.31,25.43,50.16,2.27,4.83,53.38,280.9,563
2572,NSW,5900,34.63,28.63,31.65,1836.48,13.07,3.92,21.56,40.36,2.8,3.27,60.17,435.45,564
4497,QLD,653,34.57,48.97,13.71,1277.98,9.17,4.0,22.46,40.14,2.55,3.97,68.36,170.26,565
4516,QLD,4291,34.54,26.48,38.12,2172.12,12.9,3.32,12.58,41.02,3.13,4.58,66.76,453.03,566
2199,NSW,21556,34.52,30.18,24.43,1499.56,18.67,4.27,26.48,34.6,3.22,8.44,44.48,418.3,567
4209,QLD,75418,34.44,27.06,29.96,2028.45,17.09,4.42,11.72,32.07,3.09,6.05,69.83,473.14,568
4558,QLD,23488,34.37,32.39,21.72,1508.81,20.65,5.06,13.52,46.74,2.2,4.5,55.44,439.81,569
4551,QLD,68271,34.29,31.21,25.35,1638.53,19.22,4.58,13.11,45.51,2.53,4.89,58.1,450.83,570
2371,NSW,3007,34.26,44.85,11.06,1006.0,11.77,5.09,27.05,53.16,2.17,5.89,48.44,178.19,571
2701,NSW,2708,34.25,36.01,25.39,1614.5,15.32,4.02,13.05,41.57,2.62,3.1,62.86,265.1,572
2739,NSW,2140,34.24,34.78,26.88,1730.16,13.49,4.38,9.63,38.71,2.75,3.97,63.21,201.1,573
2732,NSW,2833,34.13,42.08,18.85,1269.56,11.58,4.53,18.03,52.19,2.35,2.7,58.56,181.46,574
2415,NSW,719,34.12,35.34,23.74,1489.88,12.02,4.0,25.5,48.91,2.65,2.05,57.09,270.53,575
2630,NSW,10067,34.12,34.58,24.55,1512.02,17.75,4.34,12.74,45.86,2.3,3.06,58.49,292.4,575
2795,NSW,47447,34.11,30.71,26.69,1729.28,18.53,4.34,12.16,40.6,2.5,4.19,60.28,330.74,577
2716,NSW,1608,34.07,40.2,17.65,1479.57,12.22,4.6,18.3,48.34,2.39,2.68,61.44,193.7,578
2444,NSW,51094,33.99,34.35,21.46,1439.07,19.89,4.74,12.72,47.3,2.34,5.16,53.9,408.54,579
2556,NSW,2502,33.98,27.21,32.75,1860.95,10.11,3.5,27.42,42.15,3.2,2.07,51.91,555.15,580
2320,NSW,41686,33.96,27.78,31.29,1958.88,15.44,3.61,16.95,38.16,2.76,4.59,63.99,388.65,581
2197,NSW,11048,33.95,30.95,25.19,1480.3,14.87,4.02,28.48,34.5,3.34,8.81,42.32,435.64,582
4571,QLD,1453,33.94,35.1,14.17,1327.71,17.78,5.41,23.83,48.27,2.51,4.93,52.56,327.68,583
4881,QLD,4833,33.93,32.78,20.45,1384.94,19.6,4.99,17.49,46.9,2.51,7.59,52.38,308.93,584
2311,NSW,1138,33.87,36.86,18.7,1352.75,15.94,4.38,23.01,46.51,2.45,2.84,57.68,265.6,585
4730,QLD,3427,33.8,33.04,26.77,1698.98,14.42,4.48,9.64,38.94,2.31,1.59,66.27,220.42,586
2803,NSW,335,33.8,43.4,17.27,1226.0,9.38,4.0,25.79,54.0,2.3,2.5,55.6,200.0,586
2898,NSW,445,33.78,36.1,20.5,1699.0,19.26,4.0,11.62,46.0,2.2,3.2,65.4,310.0,588
4814,QLD,47730,33.78,29.4,27.48,1761.41,20.15,4.73,4.5,36.04,2.51,5.82,63.37,319.15,588
4127,QLD,27954,33.76,29.11,26.46,1738.67,19.58,4.27,13.49,38.27,2.73,7.16,61.46,380.36,590
4727,QLD,310,33.7,40.13,13.08,1325.0,9.27,5.0,29.3,43.0,2.2,2.5,64.9,190.0,591
4711,QLD,1792,33.69,23.58,37.96,2288.28,14.66,3.64,6.19,43.82,2.99,3.0,66.62,404.94,592
2583,NSW,5239,33.68,38.96,19.93,1321.82,12.13,4.38,20.6,51.78,2.3,3.53,55.02,261.8,593
2566,NSW,27763,33.67,25.34,28.55,1797.83,20.43,3.52,23.73,35.68,3.08,6.23,57.55,381.09,594
4563,QLD,9826,33.65,32.22,22.79,1509.61,18.02,4.64,15.86,49.78,2.53,4.65,52.88,409.06,595
4375,QLD,880,33.64,45.11,14.3,1023.63,12.21,4.17,24.56,47.9,2.38,5.04,51.8,222.51,596
4823,QLD,1921,33.57,34.96,26.07,1713.23,6.31,3.33,29.3,35.14,2.51,0.88,68.51,154.92,597
2399,NSW,1142,33.52,37.46,22.93,1543.69,11.14,4.44,13.28,43.47,2.66,1.2,57.03,214.4,598
2284,NSW,12670,33.35,29.58,26.33,1675.94,16.14,4.08,18.75,42.83,2.47,4.56,58.14,400.52,599
4419,QLD,1573,33.34,39.37,15.99,1551.13,10.65,3.95,26.89,36.71,2.5,1.87,67.65,168.16,600
2403,NSW,1302,33.29,45.59,11.0,1119.18,10.08,4.51,25.29,44.08,2.49,4.8,54.64,223.65,601
2623,NSW,773,33.21,33.98,23.72,1693.9,14.27,4.16,13.37,41.88,2.36,4.52,63.2,292.24,602
2281,NSW,15336,33.17,30.13,25.84,1552.23,16.23,3.93,21.47,49.09,2.45,5.17,52.71,410.5,603
2879,NSW,855,33.1,47.71,14.42,1113.84,8.69,3.55,24.29,50.54,2.17,6.5,46.47,155.82,604
2830,NSW,46322,33.08,30.47,26.83,1757.92,18.5,4.04,8.53,37.48,2.58,3.35,63.69,325.13,605
4720,QLD,15711,33.02,25.9,36.58,2216.66,14.01,3.18,6.13,32.95,2.76,3.22,73.15,331.17,606
4723,QLD,1700,32.98,32.72,29.84,1950.2,6.03,3.25,19.66,36.17,2.62,1.34,63.19,196.01,607
4455,QLD,9239,32.96,32.81,26.18,1780.41,13.46,4.04,10.48,36.64,2.5,2.51,68.17,233.17,608
4818,QLD,32697,32.82,25.65,33.7,2094.55,14.7,3.92,5.18,33.66,2.84,4.08,71.71,352.93,609
2825,NSW,3227,32.81,36.56,22.66,1561.39,12.38,3.98,14.24,41.34,2.52,3.07,64.39,192.54,610
2318,NSW,14082,32.77,25.41,30.46,1869.46,13.58,3.76,20.56,42.58,2.8,4.38,60.54,408.37,611
4733,QLD,900,32.7,41.02,18.88,1402.44,8.65,3.9,19.85,46.78,2.2,1.29,61.82,207.0,612
2456,NSW,17148,32.66,33.11,21.89,1488.74,19.08,4.37,10.63,43.55,2.61,5.76,57.25,400.37,613
2162,NSW,20430,32.66,29.94,22.38,1411.17,16.47,4.21,25.55,34.68,3.24,7.92,41.29,389.23,613
4124,QLD,24423,32.61,24.21,34.37,2085.94,13.86,3.58,11.34,36.09,3.11,5.53,67.43,430.45,615
2480,NSW,47623,32.55,32.91,19.42,1406.62,20.95,4.34,14.72,44.03,2.41,5.37,57.86,333.12,616
2424,NSW,1026,32.51,42.0,12.15,1174.35,14.17,4.01,24.97,53.29,2.46,7.09,45.5,221.02,617
2261,NSW,55491,32.49,29.1,24.97,1582.12,15.59,3.9,22.18,43.29,2.51,4.89,56.12,408.3,618
2445,NSW,7924,32.42,32.42,23.23,1411.6,17.29,4.37,12.88,51.1,2.48,4.43,52.4,415.88,619
2823,NSW,1336,32.4,38.34,20.51,1361.47,11.83,4.34,12.96,43.6,2.4,4.16,55.92,183.88,620
2866,NSW,3866,32.38,34.91,21.05,1456.03,15.02,4.22,14.61,44.06,2.5,2.69,58.94,259.18,621
2832,NSW,2413,32.28,40.12,17.59,1436.07,9.62,4.65,11.83,38.97,2.49,6.42,44.19,145.0,622
4350,QLD,116165,32.28,31.36,21.86,1575.49,21.42,4.41,6.71,38.86,2.42,5.71,60.18,324.97,622
2323,NSW,27027,32.25,28.38,26.9,1696.79,16.11,3.66,17.8,40.2,2.55,5.37,60.65,367.04,624
2406,NSW,1230,32.19,41.58,16.57,1352.01,10.93,3.81,18.39,41.03,2.42,2.84,62.23,194.34,625
2527,NSW,26773,32.16,25.24,32.07,1904.68,13.75,3.35,17.29,37.93,2.82,3.57,64.32,456.16,626
2850,NSW,22362,32.15,30.66,28.33,1711.24,13.79,3.61,12.19,41.6,2.5,3.84,58.09,340.91,627
2283,NSW,24668,32.14,29.65,24.62,1535.75,17.11,3.84,18.53,47.01,2.45,5.86,52.67,366.07,628
2395,NSW,1105,32.13,43.79,9.92,952.7,10.9,4.81,24.12,51.2,2.2,8.37,48.01,148.46,629
2804,NSW,3104,32.06,39.51,16.76,1298.41,13.13,4.3,15.08,48.12,2.38,3.97,53.76,226.45,630
4874,QLD,5815,32.06,23.96,38.82,2357.11,10.71,3.04,4.14,30.41,2.98,6.19,64.17,399.76,630
2787,NSW,6431,32.06,33.23,22.14,1454.17,16.29,3.91,16.2,48.45,2.28,3.47,53.46,283.58,630
4825,QLD,19656,32.01,24.91,36.97,2197.02,13.6,3.12,3.24,31.65,2.61,4.57,68.44,282.47,633
2681,NSW,2248,32.0,34.16,24.73,1673.76,11.37,3.71,13.0,39.32,2.71,3.21,69.86,229.07,634
2267,NSW,2927,31.99,30.74,20.79,1348.49,19.21,4.31,18.44,53.01,2.27,4.68,47.93,337.6,635
4620,QLD,605,31.97,44.67,15.9,1034.82,7.58,3.07,30.64,55.53,2.21,7.58,46.92,186.02,636
4359,QLD,1654,31.96,34.65,20.89,1569.2,13.87,3.97,14.81,43.23,2.6,3.09,61.77,257.94,637
4819,QLD,2477,31.95,37.73,12.73,1016.33,22.62,4.64,14.98,57.62,1.92,5.96,47.35,289.18,638
4627,QLD,1102,31.9,44.23,13.01,1113.25,7.27,3.8,27.99,47.43,2.41,6.68,57.84,169.89,639
4743,QLD,782,31.9,28.82,29.12,2175.72,11.44,3.33,9.89,35.56,2.44,1.9,63.81,283.03,639
2808,NSW,431,31.86,35.34,12.92,1031.87,12.13,6.07,21.21,56.0,2.11,3.41,44.53,146.4,641
2144,NSW,40679,31.85,23.99,24.25,1563.49,23.65,4.11,18.27,32.28,3.34,11.5,46.03,409.19,642
2666,NSW,7463,31.8,37.98,18.74,1383.72,12.23,4.11,14.9,46.15,2.44,2.6,59.41,218.6,643
2836,NSW,1123,31.8,42.67,12.6,1236.37,8.23,4.42,21.33,36.43,2.79,9.11,42.53,137.44,643
4721,QLD,4364,31.76,31.79,27.79,1907.19,9.02,2.99,17.55,37.04,2.64,1.95,67.89,181.58,645
4480,QLD,691,31.74,37.01,17.66,1359.52,14.06,4.03,17.63,42.5,2.41,1.04,70.83,128.19,646
2659,NSW,1148,31.72,36.78,17.64,1345.84,10.58,4.4,20.05,44.96,2.39,4.38,59.11,245.38,647
2560,NSW,82692,31.7,25.89,26.2,1729.93,16.47,3.45,23.04,35.98,2.85,6.56,55.52,390.44,648
2382,NSW,2158,31.69,32.43,26.26,1637.16,10.53,3.56,16.16,42.05,2.48,4.26,59.32,277.46,649
2586,NSW,3035,31.65,35.49,18.0,1308.22,13.33,4.51,17.67,49.87,2.29,3.35,50.67,199.72,650
4161,QLD,16576,31.63,26.26,29.34,1835.98,15.03,3.79,11.64,39.02,2.69,4.6,66.02,401.06,651
2315,NSW,15962,31.59,31.21,19.57,1386.2,17.59,4.3,18.89,53.62,2.27,4.94,47.45,409.7,652
4358,QLD,3222,31.58,30.08,24.52,1750.4,13.6,4.11,11.83,36.77,2.67,2.56,67.39,264.38,653
2322,NSW,25194,31.56,24.25,30.99,1941.32,14.67,3.35,15.88,36.87,2.78,4.9,66.02,400.76,654
2731,NSW,8131,31.55,35.67,21.5,1537.14,14.49,3.59,12.1,48.53,2.48,3.23,56.25,338.62,655
2365,NSW,5883,31.54,37.68,15.56,1248.89,13.27,4.15,21.39,44.05,2.43,4.43,54.78,237.93,656
4725,QLD,1555,31.54,33.31,22.54,1520.61,14.04,4.2,10.85,43.61,2.26,1.81,61.63,205.77,656
2558,NSW,11186,31.53,23.52,30.0,1892.3,15.29,3.09,22.45,36.0,3.04,5.43,60.94,408.87,658
2833,NSW,1022,31.48,36.62,20.13,1403.57,10.42,4.12,15.84,36.67,2.44,4.87,50.51,151.98,659
4518,QLD,6060,31.42,28.96,25.77,1710.14,14.19,3.93,13.11,43.29,2.73,4.19,59.42,408.43,660
4568,QLD,3727,31.37,29.35,21.65,1441.84,19.34,4.27,14.42,48.25,2.62,4.58,54.51,418.04,661
2400,NSW,10847,31.17,31.57,24.85,1668.54,12.67,4.03,8.92,38.41,2.5,4.33,56.56,245.86,662
4215,QLD,55436,31.17,29.91,16.39,1318.71,23.07,5.12,10.21,41.36,2.12,7.63,56.71,414.79,662
2345,NSW,758,31.09,30.11,25.29,1621.99,12.56,3.38,19.38,42.38,2.5,3.1,68.38,381.15,664
2450,NSW,47990,31.06,31.25,21.42,1497.44,17.93,4.08,10.92,44.26,2.49,5.43,55.79,401.76,665
4569,QLD,1754,31.01,32.24,16.41,1351.84,18.93,4.61,14.22,45.58,2.54,6.01,55.65,408.07,666
4374,QLD,795,31.01,39.69,12.27,1244.73,13.35,4.0,20.94,50.32,2.38,2.22,54.46,237.24,666
4703,QLD,25412,30.99,28.23,28.27,1777.09,15.4,3.59,7.48,43.58,2.57,4.48,59.22,360.42,668
2702,NSW,1170,30.96,39.93,18.79,1337.05,11.34,3.44,13.97,46.3,2.5,2.88,55.25,191.32,669
4503,QLD,53600,30.94,26.36,25.42,1787.44,16.33,3.91,12.47,35.4,2.71,5.89,67.61,375.66,670
4344,QLD,3989,30.92,30.89,23.41,1685.27,14.58,3.69,12.22,42.95,2.71,4.06,59.65,305.4,671
2715,NSW,2044,30.9,38.92,18.92,1395.0,8.5,3.86,14.59,46.06,2.46,3.18,56.95,169.95,672
2337,NSW,9185,30.88,28.57,27.45,1688.65,13.93,3.48,12.97,41.77,2.44,2.96,63.56,298.43,673
2347,NSW,2598,30.88,43.27,9.07,1037.09,9.3,4.41,24.06,52.25,2.22,5.95,50.4,182.26,673
4817,QLD,30906,30.85,25.88,29.78,1877.27,15.23,3.87,4.66,37.68,2.72,4.78,66.99,339.54,675
4812,QLD,19124,30.8,31.32,20.75,1403.53,20.25,4.44,5.16,39.17,2.17,5.91,61.23,269.1,676
4704,QLD,623,30.79,32.66,27.51,1815.37,8.66,2.0,22.74,45.23,2.54,3.94,64.4,263.24,677
4390,QLD,7067,30.79,31.33,23.78,1698.93,13.32,3.97,8.14,37.72,2.59,3.37,65.93,301.08,677
2729,NSW,1743,30.78,35.01,20.77,1406.09,13.62,3.5,15.76,46.87,2.49,3.67,61.45,214.57,679
2844,NSW,1630,30.78,40.82,16.0,1160.74,10.08,3.92,17.05,49.74,2.29,4.22,50.47,233.6,679
4574,QLD,2161,30.74,32.14,17.49,1255.14,17.58,4.28,18.43,51.24,2.38,2.57,53.05,298.03,681
4117,QLD,3450,30.73,23.83,26.28,1851.14,19.24,3.95,9.58,28.38,3.31,6.75,64.88,411.73,682
4465,QLD,1650,30.71,41.48,13.63,1165.3,8.26,3.81,23.59,43.76,2.43,3.47,61.16,153.22,683
2548,NSW,9380,30.7,31.7,17.69,1282.22,21.06,4.32,12.45,54.48,2.15,3.36,50.17,368.23,684
2655,NSW,1675,30.69,32.44,21.52,1517.02,12.84,4.08,12.86,43.78,2.68,3.3,57.35,230.93,685
4700,QLD,18218,30.65,31.58,22.39,1512.27,17.87,4.12,4.95,39.73,2.29,6.58,58.19,275.28,686
4493,QLD,371,30.64,38.93,19.16,1263.83,10.02,2.23,30.4,49.59,2.2,7.76,58.24,125.05,687
2177,NSW,17498,30.62,25.14,27.79,1682.94,13.67,3.18,23.27,37.87,3.38,8.04,44.49,427.98,688
2574,NSW,5945,30.56,24.59,32.35,1951.89,10.84,2.72,18.46,40.67,2.91,3.81,61.78,403.41,689
4712,QLD,484,30.54,42.88,14.57,1384.51,5.78,3.41,20.07,45.59,2.42,2.17,63.92,103.11,690
4517,QLD,977,30.52,32.55,23.69,1535.01,11.79,3.5,14.63,44.94,2.5,5.84,55.86,320.27,691
2799,NSW,5478,30.51,29.68,24.5,1663.02,14.51,3.56,12.49,41.79,2.51,5.0,62.69,262.93,692
4753,QLD,4885,30.48,21.23,39.9,2400.4,8.12,2.63,6.42,34.06,3.02,3.04,69.78,355.08,693
4877,QLD,5584,30.46,28.65,19.54,1503.47,20.04,4.39,11.0,44.23,2.19,3.71,60.77,367.84,694
2849,NSW,1990,30.45,36.03,16.64,1222.16,12.02,4.14,19.29,52.1,2.22,5.1,49.39,255.04,695
2530,NSW,35130,30.34,24.95,29.22,1754.64,13.64,3.11,18.21,39.82,2.72,4.41,59.7,432.62,696
2877,NSW,4532,30.34,38.86,15.33,1317.98,10.79,4.09,14.15,41.58,2.49,5.61,57.37,187.87,696
4487,QLD,3393,30.31,35.61,20.9,1454.21,12.16,3.51,12.14,37.68,2.51,4.44,63.49,205.11,698
2711,NSW,4207,30.28,37.31,18.51,1413.01,9.33,3.84,14.18,45.45,2.43,3.39,60.55,189.34,699
2537,NSW,13593,30.23,31.38,17.4,1243.03,19.59,4.47,12.45,54.06,2.23,3.4,47.1,317.28,700
4486,QLD,846,30.22,40.69,11.18,1268.24,13.52,3.87,16.04,45.66,2.26,5.79,65.29,123.44,701
4309,QLD,5190,30.2,30.31,24.81,1516.66,12.25,3.45,16.42,45.3,2.61,3.46,58.89,307.68,702
4750,QLD,6093,30.2,24.28,33.03,2117.27,13.03,3.16,3.66,37.39,2.79,3.89,68.47,367.83,702
2484,NSW,20919,30.19,32.04,17.47,1325.8,17.9,4.06,15.43,46.84,2.51,5.72,52.82,359.26,704
2358,NSW,3908,30.12,31.68,14.9,1293.19,17.65,4.19,20.88,46.96,2.33,4.68,55.22,250.99,705
2340,NSW,53873,30.11,29.28,23.32,1598.97,15.65,3.68,11.81,38.98,2.51,5.21,61.01,327.73,706
2736,NSW,439,30.07,34.96,19.21,1388.22,8.87,4.31,13.84,40.31,2.54,4.61,56.73,182.26,707
4481,QLD,308,30.06,30.68,30.43,1875.0,11.28,2.0,11.93,38.0,2.3,1.7,68.1,100.0,708
4736,QLD,308,30.06,30.68,30.43,1875.0,11.28,2.0,11.93,38.0,2.3,1.7,68.1,100.0,708
4885,QLD,4020,30.04,33.96,17.2,1264.51,17.37,3.98,13.21,50.65,2.41,4.39,52.93,271.55,710
4560,QLD,37244,30.02,28.22,21.35,1530.67,17.56,4.13,11.7,44.33,2.54,5.14,57.55,394.13,711
2331,NSW,1220,30.02,15.64,36.31,1983.52,6.59,5.07,11.37,24.6,2.89,1.13,65.94,316.28,711
2737,NSW,1207,29.97,37.75,19.3,1527.81,6.81,3.34,16.09,40.58,2.65,2.3,57.57,208.1,713
4307,QLD,2375,29.93,28.23,26.45,1713.56,9.8,3.36,17.02,43.37,2.77,3.39,64.48,303.46,714
2359,NSW,1031,29.92,38.73,10.94,1151.6,8.85,4.45,23.68,47.13,2.55,7.21,48.84,162.38,715
2259,NSW,67470,29.87,26.34,26.5,1677.98,12.57,3.19,19.74,41.37,2.72,5.15,56.59,420.67,716
2390,NSW,9602,29.86,31.08,24.97,1612.21,11.82,3.36,11.3,41.46,2.51,3.76,61.27,262.56,717
2658,NSW,1564,29.85,36.06,16.82,1172.38,12.19,3.99,17.44,49.65,2.43,4.14,51.03,183.62,718
4280,QLD,21532,29.84,21.99,33.99,2134.21,10.25,2.91,11.96,36.11,3.2,5.05,66.58,445.25,719
2361,NSW,1455,29.84,43.87,7.04,957.06,8.69,4.33,23.58,50.18,2.33,8.65,48.53,178.72,719
2161,NSW,35918,29.79,27.01,19.47,1377.17,16.17,3.91,25.14,31.95,3.25,10.27,39.87,367.9,721
4716,QLD,825,29.77,31.23,26.84,1759.48,6.07,2.59,20.44,42.86,2.51,4.26,69.7,212.72,722
4129,QLD,6841,29.76,25.37,28.42,1856.12,12.84,3.38,11.19,34.01,2.89,5.19,67.92,404.4,723
2195,NSW,27215,29.65,25.25,14.21,1259.73,30.18,3.85,20.54,31.97,3.1,12.82,43.64,365.9,724
4381,QLD,1016,29.63,37.21,11.54,1146.34,17.21,3.89,17.48,48.66,2.4,2.7,53.75,242.28,725
4601,QLD,1383,29.63,39.0,12.46,1073.61,11.53,3.87,21.75,49.2,2.32,7.42,52.23,201.88,725
4505,QLD,26150,29.58,23.3,30.47,1934.12,12.27,3.26,11.72,39.3,2.83,5.38,63.66,408.78,727
4353,QLD,756,29.54,36.47,11.26,1375.16,11.5,3.73,24.77,47.18,2.59,2.8,61.23,251.81,728
4865,QLD,8879,29.44,25.33,28.3,1810.24,12.33,3.5,10.03,39.8,2.7,4.83,64.0,362.88,729
4183,QLD,2156,29.44,34.13,14.62,1177.13,19.11,3.64,17.0,52.17,2.16,3.46,48.6,322.84,729
4378,QLD,571,29.43,32.68,24.49,1408.0,12.15,3.0,13.39,44.0,2.7,5.2,57.0,265.0,731
2843,NSW,1258,29.43,35.45,16.66,1337.49,9.38,3.86,18.77,47.5,2.48,4.51,49.47,167.28,731
2671,NSW,4937,29.42,33.8,20.26,1495.55,10.69,3.52,13.66,42.01,2.43,2.19,61.86,215.33,733
2316,NSW,6595,29.37,27.28,21.55,1435.28,15.05,3.78,19.49,50.78,2.43,4.91,50.73,347.86,734
2550,NSW,17527,29.34,32.22,16.53,1286.15,18.81,3.84,13.38,48.55,2.33,3.35,54.15,296.34,735
4740,QLD,86534,29.34,25.34,30.11,1925.78,13.8,3.15,4.51,38.94,2.56,4.21,64.21,348.43,735
2464,NSW,7577,29.28,34.09,15.35,1189.89,17.18,4.06,12.86,54.91,2.16,4.17,44.59,394.86,737
2580,NSW,33574,29.28,28.35,24.18,1568.34,14.93,3.56,10.23,43.25,2.4,4.41,57.67,322.3,737
2355,NSW,814,29.26,37.49,16.85,1052.64,12.54,3.3,19.39,50.75,2.32,4.85,55.58,300.25,739
4735,QLD,1382,29.22,34.61,20.43,1459.22,10.15,3.08,16.28,44.38,2.15,2.09,62.65,182.07,740
2388,NSW,3074,29.19,36.02,20.31,1400.69,8.86,3.34,13.23,40.46,2.48,4.44,55.81,163.8,741
4822,QLD,1025,29.18,35.99,20.14,1653.41,7.53,2.68,16.95,36.96,2.63,2.46,67.47,179.57,742
2660,NSW,1752,29.18,34.77,18.12,1283.35,12.88,3.81,12.28,44.42,2.49,3.81,53.96,206.31,742
4019,QLD,21094,29.05,29.91,20.34,1321.08,16.26,3.77,13.84,46.71,2.22,6.7,55.25,322.13,744
4491,QLD,228,29.02,45.78,5.22,698.0,11.59,3.0,32.53,60.0,1.7,12.0,44.4,100.0,745
4550,QLD,5911,29.01,23.92,25.99,1740.82,14.81,3.6,12.23,41.89,2.78,4.71,62.64,410.58,746
2420,NSW,4210,29.01,30.41,19.04,1347.52,15.31,3.46,19.07,49.19,2.38,3.96,53.48,313.84,746
2722,NSW,4679,28.92,32.94,21.42,1482.81,11.08,3.18,13.63,43.82,2.49,3.1,57.91,212.47,748
2869,NSW,1533,28.89,40.94,11.25,1111.87,10.46,3.65,17.67,49.13,2.27,8.84,47.6,199.48,749
2680,NSW,25842,28.85,28.1,27.23,1752.36,13.89,3.04,5.03,38.13,2.7,3.14,64.56,302.43,750
2164,NSW,21634,28.84,26.18,23.73,1456.13,12.97,3.06,24.97,38.46,3.13,8.56,41.34,421.7,751
4361,QLD,3714,28.8,34.75,16.13,1207.92,10.64,3.98,17.34,49.54,2.41,5.14,56.24,255.95,752
2807,NSW,1229,28.8,39.74,13.66,1240.69,7.35,3.59,17.87,50.16,2.29,4.05,53.0,193.94,752
2871,NSW,9328,28.8,32.96,20.85,1369.19,11.92,3.62,10.67,42.79,2.41,4.03,58.08,225.72,752
2545,NSW,1132,28.73,31.81,14.23,1169.48,15.71,4.3,17.76,55.14,2.26,3.68,48.55,280.23,755
2475,NSW,879,28.71,36.0,12.68,890.52,13.54,3.55,27.66,55.11,2.06,8.68,48.66,205.37,756
4715,QLD,7760,28.7,26.28,28.25,1918.98,11.46,2.81,9.19,37.13,2.57,2.7,65.03,260.43,757
4076,QLD,8358,28.65,32.85,17.83,1040.45,15.98,4.17,11.37,35.9,1.87,7.5,35.55,212.58,758
2632,NSW,2497,28.65,34.49,18.34,1289.36,13.52,3.22,14.25,48.86,2.19,3.97,56.82,199.45,758
2330,NSW,23062,28.63,21.81,34.2,1994.15,10.99,2.44,11.42,36.86,2.68,4.09,64.74,344.48,760
2264,NSW,16155,28.6,27.47,20.43,1427.38,14.7,3.26,22.51,46.38,2.44,6.57,51.02,383.21,761
2357,NSW,4484,28.6,36.92,14.3,1171.36,11.46,3.87,14.77,49.82,2.32,6.24,47.45,200.32,761
2810,NSW,3315,28.59,39.09,12.93,1104.13,10.06,3.85,15.81,51.83,2.21,5.25,51.04,186.84,763
4872,QLD,6004,28.58,34.93,17.92,1278.68,8.67,3.46,18.89,45.05,2.39,5.15,42.16,233.38,764
2573,NSW,5892,28.44,23.37,28.42,1788.96,11.75,2.65,18.91,35.6,2.76,3.5,62.22,433.55,765
2710,NSW,10686,28.44,34.43,17.48,1332.54,11.67,3.66,12.09,46.67,2.29,3.68,56.51,215.56,765
4356,QLD,6061,28.38,31.39,22.28,1497.54,10.14,3.24,13.04,42.64,2.61,3.01,60.17,252.31,767
4886,QLD,971,28.38,41.06,8.12,1058.04,11.45,4.03,15.97,50.09,2.3,4.8,50.15,234.55,767
4852,QLD,4349,28.37,32.18,16.84,1241.06,16.56,3.83,11.33,48.91,2.2,4.75,54.54,298.1,769
2380,NSW,11561,28.35,27.73,27.24,1697.0,12.06,2.87,8.78,37.67,2.5,4.43,61.01,324.69,770
4802,QLD,13616,28.32,25.28,24.49,1643.05,15.96,3.67,7.02,37.0,2.25,4.4,67.62,371.7,771
4310,QLD,7334,28.31,30.19,19.92,1380.66,13.37,3.53,14.96,49.52,2.47,3.4,54.21,297.8,772
4371,QLD,703,28.3,33.0,16.16,1286.59,14.71,3.62,14.29,52.15,2.44,4.28,56.78,240.52,773
4565,QLD,15518,28.28,28.05,17.92,1357.11,16.48,4.1,13.86,51.3,2.44,4.55,50.65,453.9,774
2633,NSW,382,28.28,36.39,14.4,1034.21,12.49,3.37,20.8,51.68,2.14,6.62,51.77,173.69,774
4707,QLD,679,28.21,36.22,18.62,1337.42,7.23,2.17,26.39,48.69,2.35,2.76,54.65,110.58,776
2396,NSW,1000,28.18,38.86,15.54,1083.87,8.86,3.17,18.22,50.21,2.32,5.47,45.95,173.54,777
4868,QLD,23192,28.18,26.4,21.98,1620.05,15.3,3.61,10.43,38.42,2.58,6.47,62.19,357.68,777
2793,NSW,1527,28.12,37.69,9.99,1032.91,9.93,4.14,21.11,55.3,2.23,5.05,43.85,205.72,779
4519,QLD,9629,28.03,26.71,23.64,1591.12,13.39,3.38,11.52,41.34,2.71,5.48,58.28,383.86,780
4821,QLD,1501,28.02,35.0,15.52,1372.33,10.21,3.23,17.82,42.25,2.3,2.81,61.52,138.61,781
4418,QLD,398,28.01,34.27,9.57,1292.0,9.8,4.0,25.82,32.0,2.3,1.4,61.2,150.0,782
2713,NSW,3140,27.95,35.11,13.8,1188.15,11.84,3.95,14.59,48.53,2.31,3.53,55.76,171.78,783
4718,QLD,2617,27.92,27.27,28.22,1789.59,9.32,2.46,11.82,34.22,2.56,3.3,59.66,206.1,784
2865,NSW,1046,27.88,32.17,22.37,1435.22,7.55,3.33,12.21,43.23,2.55,4.11,61.52,216.52,785
2760,NSW,37624,27.87,22.78,23.34,1631.59,16.95,2.67,22.22,33.95,2.83,6.66,56.18,394.96,786
2409,NSW,1444,27.85,32.46,16.48,1475.5,7.91,3.9,15.49,37.76,2.88,13.6,41.95,183.28,787
2806,NSW,1015,27.77,32.82,18.54,1404.54,9.27,3.65,12.12,48.16,2.32,1.91,53.74,204.7,788
4751,QLD,4915,27.76,21.16,35.62,2195.22,7.79,2.39,5.65,38.06,2.72,2.49,67.11,337.51,789
4745,QLD,3098,27.73,16.7,43.06,2249.38,6.43,2.02,6.94,33.34,2.3,2.15,65.89,133.17,790
2648,NSW,3165,27.7,36.93,13.54,1273.49,9.15,3.31,17.82,50.26,2.28,4.48,50.32,166.42,791
2476,NSW,1175,27.66,38.19,10.33,903.41,12.06,3.75,20.0,52.33,2.24,6.93,48.14,204.89,792
2486,NSW,33561,27.62,28.04,20.46,1423.25,14.8,3.55,11.67,48.58,2.46,4.79,52.67,443.9,793
2824,NSW,2118,27.62,32.02,18.12,1364.58,11.55,3.63,11.62,46.75,2.33,5.9,54.58,214.29,793
4413,QLD,9486,27.59,28.17,24.19,1614.95,11.43,2.91,11.38,36.25,2.6,3.47,60.44,238.96,795
2712,NSW,1530,27.58,34.06,15.21,1275.58,11.26,3.68,13.88,51.92,2.33,3.43,52.09,189.19,796
2549,NSW,4114,27.56,28.13,18.53,1336.52,17.89,3.62,11.27,51.16,2.39,2.76,53.6,309.8,797
4754,QLD,3908,27.53,25.82,30.28,1910.96,7.69,2.51,8.18,39.3,2.81,3.23,59.4,270.15,798
4630,QLD,2536,27.46,39.28,12.95,1090.95,8.36,2.96,20.5,49.72,2.25,5.57,56.41,158.21,799
2714,NSW,3723,27.42,35.99,14.31,1122.52,10.81,3.64,14.24,54.62,2.24,2.81,47.11,224.7,800
4612,QLD,988,27.38,40.33,11.16,930.87,7.09,3.15,24.57,49.53,2.36,4.85,45.97,192.82,801
2870,NSW,12331,27.36,29.07,24.47,1509.79,12.13,2.82,9.21,39.92,2.47,4.99,59.35,257.21,802
4717,QLD,4916,27.34,16.43,41.76,2436.74,8.49,1.62,4.46,31.78,2.62,4.76,67.89,206.24,803
2540,NSW,49232,27.32,29.73,18.84,1344.71,14.51,3.47,11.68,49.02,2.34,4.96,49.1,359.69,804
2852,NSW,5622,27.3,30.88,21.56,1417.12,8.15,3.24,13.96,41.88,2.5,3.51,48.68,286.19,805
2846,NSW,680,27.28,31.7,11.94,1006.76,13.05,3.96,25.01,53.48,2.15,3.51,47.9,220.41,806
2546,NSW,10773,27.28,30.82,11.72,1064.78,19.14,4.11,15.14,57.95,2.1,3.71,41.55,306.11,806
4360,QLD,609,27.28,31.36,18.1,1215.0,10.3,4.0,12.71,46.0,2.5,4.0,50.1,265.0,806
2343,NSW,5470,27.25,33.38,16.72,1323.58,10.58,3.28,14.73,45.43,2.39,6.14,54.22,230.88,809
2505,NSW,5623,27.23,27.47,20.18,1353.84,14.7,3.08,17.91,42.05,2.34,7.13,49.96,352.35,810
4882,QLD,3184,27.2,27.91,22.99,1554.23,13.54,3.16,7.3,43.84,2.5,2.38,57.81,302.95,811
4702,QLD,33431,27.19,26.27,26.06,1732.37,9.61,2.78,11.54,39.39,2.7,4.51,61.66,280.82,812
2653,NSW,2846,27.03,31.55,19.09,1329.21,12.34,2.94,14.05,47.09,2.33,2.89,53.48,221.23,813
2563,NSW,308,27.01,20.41,24.96,1818.15,8.13,2.98,25.95,37.69,2.93,1.55,55.03,500.0,814
2587,NSW,3685,27.01,33.34,15.82,1214.87,12.44,3.55,11.81,49.05,2.29,4.56,54.0,236.28,814
2564,NSW,14201,27.0,23.77,17.27,1417.91,20.71,3.11,20.58,35.88,2.88,10.04,49.46,338.05,816
2425,NSW,2291,26.95,28.94,18.69,1348.48,10.42,3.21,20.83,47.6,2.49,4.69,53.49,304.23,817
2336,NSW,4337,26.95,23.04,30.11,1864.25,9.71,2.37,11.45,42.01,2.55,2.84,65.14,275.94,817
4287,QLD,1342,26.9,33.63,11.45,1233.33,11.31,3.32,22.83,49.2,2.36,2.32,45.13,231.75,819
4816,QLD,11645,26.88,31.31,20.56,1446.78,9.71,2.84,13.18,43.38,2.68,6.06,51.59,228.48,820
4731,QLD,218,26.88,41.35,12.5,1036.0,6.99,2.0,25.96,54.0,2.2,2.7,60.7,95.0,820
2539,NSW,21135,26.81,30.38,15.09,1183.41,16.51,3.56,13.87,52.65,2.26,4.82,47.11,349.99,822
2675,NSW,1662,26.77,29.92,19.68,1533.07,11.56,3.23,8.87,36.23,2.39,2.46,64.74,213.44,823
2797,NSW,762,26.75,29.95,21.28,1369.0,11.23,2.33,19.29,48.67,2.33,3.43,59.73,243.33,824
2317,NSW,6675,26.75,28.14,15.47,1207.66,15.25,3.52,20.34,55.82,2.2,4.6,44.33,376.56,824
2827,NSW,4039,26.74,35.4,14.82,1172.62,10.15,3.24,14.55,45.49,2.37,5.53,53.48,183.15,826
4388,QLD,466,26.73,32.93,15.1,1206.24,8.63,4.14,12.48,44.29,2.46,7.81,57.3,155.24,827
2835,NSW,4075,26.72,25.76,27.54,1774.31,9.76,2.53,8.35,37.81,2.35,3.25,59.1,190.98,828
2286,NSW,4832,26.71,23.71,27.62,1721.6,10.86,2.39,14.45,37.71,2.7,3.53,62.88,407.91,829
2663,NSW,5994,26.66,28.12,24.99,1651.95,9.25,2.58,10.05,41.39,2.57,4.41,49.52,207.11,830
4363,QLD,619,26.51,27.1,23.65,1472.26,10.7,3.0,11.89,41.97,2.75,5.01,58.15,261.44,831
4022,QLD,8216,26.49,25.72,21.45,1483.89,13.88,3.25,11.7,44.49,2.57,5.44,54.63,366.07,832
4402,QLD,1010,26.33,38.79,12.05,1018.53,5.86,2.76,24.13,52.17,2.38,8.21,49.97,190.36,833
4362,QLD,2898,26.29,33.22,13.74,1133.14,11.15,3.66,14.49,49.26,2.39,3.28,53.45,260.29,834
4829,QLD,729,26.27,30.09,21.83,1677.61,8.55,2.04,15.02,35.98,2.36,4.61,68.98,119.91,835
2647,NSW,2941,26.26,30.44,18.11,1329.08,9.9,3.6,10.86,50.95,2.35,2.14,51.57,267.02,836
2338,NSW,2273,26.21,32.89,13.16,1069.54,11.33,3.56,18.17,51.29,2.14,4.23,52.58,236.95,837
3644,NSW,1977,26.2,28.93,19.93,1435.14,11.75,3.36,7.9,47.02,2.4,2.78,57.66,269.32,838
4824,QLD,3891,26.18,24.34,27.22,1776.29,10.9,2.49,7.83,33.91,2.47,4.13,64.38,243.67,839
4680,QLD,55340,26.17,23.01,29.01,1818.23,12.43,2.48,4.3,37.42,2.6,7.45,64.57,280.04,840
4470,QLD,3278,26.13,31.17,18.25,1370.47,11.93,3.25,7.4,42.55,2.23,3.18,58.47,175.19,841
4741,QLD,9797,26.09,25.24,27.58,1833.14,7.75,2.31,9.76,44.63,2.61,3.12,56.3,243.28,842
4482,QLD,266,26.08,26.62,21.95,1792.0,13.62,2.0,12.34,39.0,2.1,4.8,71.6,140.0,843
4410,QLD,1568,26.07,34.96,10.25,1124.3,6.42,3.76,22.16,49.08,2.36,7.1,51.97,174.91,844
2473,NSW,3860,26.06,31.85,14.56,1099.73,15.86,3.26,12.39,52.7,2.2,4.86,46.7,319.78,845
4025,QLD,309,26.06,29.11,11.29,1224.0,12.09,5.0,10.76,45.0,1.9,1.8,53.4,213.0,845
4125,QLD,13269,26.04,21.36,26.89,1806.52,13.08,2.72,8.72,37.29,2.87,6.09,63.79,400.01,847
4118,QLD,32483,26.03,21.05,25.61,1834.83,14.35,2.78,8.83,35.2,2.96,6.62,65.07,384.5,848
2839,NSW,1085,26.03,36.83,14.72,1084.84,9.3,3.38,8.43,36.13,2.31,10.55,46.0,154.62,848
2705,NSW,11345,26.03,29.25,21.98,1512.23,10.95,2.74,7.9,39.02,2.55,3.85,59.13,244.04,848
2329,NSW,2472,25.99,33.12,15.72,1210.23,9.7,2.99,16.48,44.91,2.46,4.54,52.57,236.93,851
2278,NSW,2597,25.96,19.42,32.77,1901.58,9.18,2.01,12.99,39.85,2.85,4.22,67.81,379.43,852
2307,NSW,4537,25.9,24.71,17.55,1387.92,17.53,3.27,14.67,34.58,2.34,6.52,59.0,364.18,853
2672,NSW,1514,25.84,36.92,13.74,1167.81,7.66,3.59,7.39,39.76,2.4,7.22,52.71,144.57,854
2452,NSW,15331,25.82,27.9,16.66,1317.57,16.95,3.33,9.51,44.68,2.37,5.71,54.27,388.26,855
2346,NSW,4230,25.78,30.63,16.78,1225.57,10.0,3.24,15.98,46.86,2.31,4.22,54.6,272.07,856
4387,QLD,2032,25.78,33.95,14.22,1169.9,9.66,3.14,15.35,48.6,2.33,3.89,55.86,201.6,856
2356,NSW,300,25.77,45.71,6.19,792.0,5.81,2.0,27.62,51.0,2.1,7.0,44.2,120.0,858
2441,NSW,4773,25.75,30.95,14.63,1196.74,13.34,3.16,15.43,50.27,2.48,6.84,51.96,290.29,859
4809,QLD,1183,25.72,30.74,21.92,1404.15,7.21,2.45,13.66,45.16,2.38,3.36,57.64,203.44,860
2404,NSW,1971,25.7,38.63,7.48,930.41,9.62,3.65,16.34,55.81,2.23,6.32,45.81,190.76,861
2706,NSW,1686,25.63,31.5,17.1,1456.05,8.89,3.02,10.99,42.25,2.48,4.15,60.02,202.83,862
2821,NSW,4767,25.6,28.85,20.16,1381.02,10.84,3.03,10.07,39.64,2.55,4.89,55.86,239.82,863
4742,QLD,1527,25.6,26.26,22.64,1848.04,6.84,2.14,16.78,38.36,2.55,2.38,52.55,324.77,863
2328,NSW,3161,25.55,24.51,25.45,1588.79,9.01,2.71,11.92,42.48,2.45,2.99,61.35,286.18,865
2372,NSW,5806,25.42,35.08,9.6,958.07,12.06,3.51,16.56,54.95,2.12,6.75,45.83,248.36,866
4478,QLD,543,25.42,31.54,8.21,1586.43,8.28,2.92,26.36,42.3,2.48,2.87,70.83,146.87,866
2646,NSW,7812,25.4,31.49,16.29,1311.95,10.82,3.02,11.34,49.98,2.28,3.1,55.29,213.51,868
2370,NSW,9341,25.37,33.27,12.63,1075.91,11.45,3.34,14.96,48.43,2.22,6.24,49.57,218.34,869
2594,NSW,13352,25.35,30.27,17.6,1283.24,11.63,3.07,10.41,42.46,2.45,4.73,55.85,251.14,870
2474,NSW,7003,25.31,31.54,11.35,1064.54,13.81,3.46,16.84,50.28,2.27,5.84,48.54,270.29,871
4871,QLD,13753,25.28,32.13,16.87,1359.44,8.13,2.71,14.25,42.72,2.81,10.26,52.89,219.07,872
4828,QLD,406,25.28,23.27,29.36,1451.48,7.33,2.25,16.19,35.75,2.45,2.92,56.53,158.26,872
2725,NSW,390,25.18,29.28,13.76,1171.65,10.78,3.82,15.59,54.25,2.19,8.3,49.69,167.52,874
2829,NSW,3163,25.14,32.75,15.46,1302.37,10.47,3.1,8.03,38.84,2.41,7.07,50.48,184.91,875
4869,QLD,20632,25.14,21.77,24.11,1782.86,11.44,2.87,9.06,33.22,2.91,6.23,65.78,372.73,875
4492,QLD,337,25.11,24.35,28.39,1752.09,6.55,1.58,15.77,35.88,2.6,0.88,78.8,156.36,877
4377,NSW,908,25.11,35.6,10.65,1051.77,10.05,2.82,19.46,52.0,2.32,3.71,49.65,249.46,877
2730,NSW,1877,25.1,30.78,16.12,1237.79,11.74,2.82,13.98,47.97,2.37,4.84,55.75,197.0,879
2485,NSW,15649,25.09,27.44,14.59,1219.79,15.83,3.6,11.34,50.48,2.11,6.03,47.95,395.58,880
2446,NSW,15270,24.99,25.28,19.58,1454.63,12.54,3.16,10.84,44.04,2.62,4.69,55.37,365.66,881
4701,QLD,44390,24.94,23.94,23.47,1612.75,14.14,2.79,3.96,37.65,2.54,5.43,61.34,300.83,882
4875,QLD,7543,24.87,33.19,15.6,1439.97,8.55,3.27,2.94,28.19,3.39,8.83,51.07,157.33,883
4514,QLD,9287,24.87,23.22,25.58,1391.69,10.7,2.68,12.87,41.95,2.29,3.62,48.72,314.92,883
4405,QLD,15871,24.82,26.69,20.43,1542.08,11.2,2.8,8.29,37.62,2.59,5.33,61.46,259.22,885
2439,NSW,4316,24.81,27.09,16.52,1335.3,13.02,3.26,12.05,52.8,2.48,3.39,46.43,327.64,886
4472,QLD,1624,24.8,29.93,15.17,1387.47,9.49,2.7,17.63,47.34,2.32,2.1,60.95,189.22,887
4738,QLD,1157,24.73,26.72,25.9,1629.69,5.06,1.67,16.38,47.66,2.57,2.7,56.51,233.36,888
2455,NSW,3218,24.69,31.21,13.04,1137.3,16.31,2.98,9.8,55.54,2.22,5.5,45.27,362.89,889
4354,QLD,2252,24.62,28.11,15.48,1462.86,11.35,2.94,13.33,44.56,2.63,4.16,59.52,264.24,890
2334,NSW,3599,24.52,19.66,31.98,1927.14,8.8,1.53,10.0,34.33,2.77,4.49,68.52,367.41,891
2402,NSW,1995,24.5,35.25,10.99,1081.28,9.56,2.9,15.09,48.86,2.31,5.1,49.24,222.34,892
4285,QLD,22799,24.41,23.38,23.23,1639.89,9.73,2.57,11.2,41.74,2.77,5.86,58.7,367.27,893
2472,NSW,3015,24.38,29.12,17.29,1235.05,12.26,2.59,13.09,47.58,2.45,3.77,54.18,288.71,894
2820,NSW,8149,24.36,30.1,15.1,1260.21,9.58,3.1,13.05,41.85,2.39,6.44,46.34,231.16,895
2463,NSW,9589,24.3,29.89,15.24,1159.16,13.26,2.95,11.06,52.34,2.38,5.51,47.07,341.54,896
2790,NSW,16492,24.25,25.25,20.92,1333.93,12.08,2.62,12.75,47.31,2.25,5.96,50.61,280.0,897
2423,NSW,4489,24.22,29.07,14.71,1108.96,11.78,2.91,17.61,54.16,2.29,6.08,45.52,307.82,898
4855,QLD,1190,24.19,28.02,17.45,1249.37,9.42,2.95,14.76,46.85,2.34,4.87,54.7,253.84,899
2700,NSW,5624,24.19,30.91,15.46,1212.56,11.03,2.8,11.11,43.75,2.39,5.79,54.13,198.31,899
2166,NSW,54417,24.19,22.44,21.27,1399.86,12.76,2.34,19.27,39.16,3.24,10.02,41.76,367.98,899
2471,NSW,4505,24.17,28.63,18.47,1348.67,9.38,2.55,13.03,44.4,2.67,4.63,53.67,300.31,902
2449,NSW,2722,24.16,29.75,11.35,1061.66,13.73,3.29,16.14,47.34,2.45,10.23,47.81,274.1,903
4407,QLD,1131,24.16,33.68,14.08,1183.62,7.14,2.59,15.55,48.75,2.34,11.27,48.6,201.81,903
4800,QLD,10520,24.15,25.38,22.46,1607.72,9.67,2.37,8.84,44.35,2.55,3.76,60.27,318.99,905
2651,NSW,3080,24.11,19.61,20.63,1736.67,12.12,3.83,4.99,28.21,2.73,2.71,71.37,313.45,906
4340,QLD,6775,24.07,23.69,21.86,1517.46,9.95,2.62,12.85,43.66,2.59,5.53,55.09,317.22,907
2720,NSW,8710,24.0,26.11,20.56,1400.19,11.78,2.69,7.78,43.18,2.41,5.02,57.62,255.21,908
2541,NSW,29120,23.98,25.67,17.37,1333.3,14.22,3.15,8.08,41.57,2.38,6.52,51.75,348.92,909
2609,ACT,1138,23.97,26.19,14.52,1580.63,14.09,3.21,6.25,47.54,2.02,10.19,48.46,303.67,910
4490,QLD,1682,23.95,36.55,8.53,966.59,9.41,3.08,14.03,42.51,2.27,7.37,53.01,128.16,911
4305,QLD,64784,23.91,23.8,20.46,1493.15,12.4,2.78,9.38,38.03,2.54,7.72,58.7,304.57,912
4501,QLD,5917,23.91,23.08,18.01,1435.04,14.41,3.03,11.66,37.23,2.43,7.07,60.4,337.28,912
4400,QLD,2661,23.88,22.7,21.57,1726.46,10.4,2.81,7.31,37.79,2.82,5.04,65.47,327.93,914
4385,QLD,1544,23.85,35.13,11.23,1007.03,8.96,2.62,16.39,50.5,2.23,6.36,50.15,188.37,915
2369,NSW,2048,23.82,33.21,11.99,1114.04,8.37,2.84,15.76,43.64,2.46,8.0,45.29,231.98,916
2352,NSW,3114,23.75,23.6,21.99,1439.72,10.87,2.39,13.59,42.26,2.5,3.9,60.19,297.6,917
4207,QLD,69343,23.75,21.59,22.59,1662.66,11.36,2.63,9.25,36.48,2.78,6.88,60.91,370.48,917
4883,QLD,8949,23.59,28.89,15.37,1183.48,13.79,2.85,8.49,45.94,2.31,5.04,52.13,286.05,919
4600,QLD,1359,23.58,31.38,11.45,1060.18,8.53,2.99,19.4,54.19,2.24,5.8,41.79,219.2,920
2422,NSW,5711,23.58,29.95,12.5,1082.57,11.99,2.92,15.86,54.44,2.22,5.64,46.34,273.16,920
2168,NSW,45032,23.57,20.35,21.46,1488.05,11.28,2.49,19.16,34.92,3.31,10.25,42.98,383.02,922
4895,QLD,5145,23.52,33.12,12.68,1085.17,11.42,2.99,6.94,41.24,2.44,10.5,47.58,188.18,923
2536,NSW,19682,23.44,27.21,14.42,1211.79,14.62,3.05,9.7,52.65,2.25,4.86,45.51,352.88,924
2360,NSW,16150,23.36,29.26,15.06,1244.56,10.46,2.82,10.9,42.05,2.4,6.42,53.14,268.13,925
4133,QLD,22472,23.36,20.52,22.22,1657.15,12.3,2.64,8.74,34.76,2.92,7.47,59.48,377.09,925
4515,QLD,5362,23.33,23.09,21.76,1413.09,11.99,2.42,11.26,43.75,2.6,3.78,56.98,313.79,927
4858,QLD,1797,23.33,26.62,21.12,1426.92,7.98,2.56,7.83,43.39,2.53,3.51,59.95,269.85,927
2165,NSW,45732,23.31,22.48,19.04,1297.61,12.02,2.33,21.69,38.41,3.22,10.81,35.03,406.94,929
4621,QLD,2439,23.31,33.68,13.74,999.08,6.95,2.57,15.53,53.91,2.23,6.81,45.05,185.79,929
2845,NSW,2362,23.31,20.94,27.28,1623.4,9.43,2.05,8.77,39.31,2.63,4.97,58.05,291.64,929
4347,QLD,1655,23.3,28.12,16.21,1463.51,9.58,2.6,9.92,42.46,2.63,3.26,60.51,292.03,932
4343,QLD,13607,23.29,24.45,19.61,1436.38,13.51,2.46,8.43,36.85,2.67,4.88,56.46,304.69,933
4610,QLD,15669,23.16,27.48,17.92,1314.73,11.08,2.63,7.96,41.75,2.44,4.88,54.97,268.2,934
4861,QLD,1946,23.12,31.11,13.37,1233.73,10.68,2.43,11.92,48.87,2.35,7.26,52.55,223.84,935
4613,QLD,1718,23.09,39.72,6.07,831.1,6.91,2.47,18.81,52.24,2.23,9.47,40.26,192.6,936
4380,QLD,9220,23.02,30.55,11.49,1068.26,13.0,2.91,11.54,50.07,2.27,4.63,48.88,246.21,937
4808,QLD,1154,23.01,24.75,20.21,1581.21,10.33,2.38,7.13,45.14,2.46,2.95,62.44,185.63,938
4626,QLD,2250,22.95,29.06,17.06,1272.82,8.9,2.33,11.82,42.37,2.35,2.01,63.34,198.76,939
2447,NSW,7889,22.95,29.84,12.54,1102.23,13.39,2.68,11.95,49.66,2.41,5.83,47.15,311.76,939
4880,QLD,14504,22.91,25.93,19.52,1386.94,10.2,2.47,8.58,41.33,2.5,5.66,51.16,290.84,941
4077,QLD,36858,22.91,20.43,17.51,1421.66,16.78,3.13,8.66,33.78,2.94,10.14,55.9,319.83,941
4807,QLD,11177,22.8,25.82,21.15,1453.9,9.59,2.29,6.29,43.89,2.31,3.32,59.12,226.78,943
2590,NSW,7381,22.79,28.33,15.85,1152.39,10.64,3.03,7.65,50.81,2.24,4.79,47.1,227.63,944
2333,NSW,15556,22.78,19.8,27.0,1695.83,8.92,1.89,9.77,37.68,2.54,6.0,60.28,310.89,945
4710,QLD,5805,22.75,24.09,19.83,1395.99,12.18,2.67,6.33,47.65,2.46,5.21,51.25,333.6,946
2469,NSW,6254,22.75,30.91,10.73,994.72,10.45,2.74,17.99,52.55,2.31,8.26,43.16,249.42,946
4820,QLD,11010,22.73,28.27,17.68,1409.81,9.64,2.22,8.1,41.34,2.4,5.25,53.62,248.49,948
2794,NSW,11543,22.53,29.61,13.28,1167.69,10.03,2.99,8.83,46.13,2.3,5.72,52.11,231.99,949
2429,NSW,10815,22.48,29.28,12.45,1146.69,11.7,2.62,12.82,50.21,2.37,6.09,50.3,294.87,950
4625,QLD,3404,22.35,31.61,13.74,1175.12,7.7,2.35,11.92,47.33,2.33,4.4,56.34,195.47,951
4673,QLD,932,22.31,31.14,13.43,1083.15,11.04,2.0,14.05,54.75,2.2,7.28,43.99,218.33,952
4890,QLD,1601,22.3,27.3,19.83,1719.04,8.02,1.42,7.46,29.9,2.98,8.38,59.38,166.25,953
2430,NSW,37673,22.27,28.14,13.71,1151.19,12.42,2.81,8.7,48.68,2.34,7.54,46.53,329.47,954
4415,QLD,2284,22.24,27.04,15.16,1299.09,10.29,2.55,11.13,40.34,2.36,3.76,56.28,206.76,955
4021,QLD,10465,22.16,22.88,19.53,1414.83,11.42,2.42,9.66,43.69,2.51,6.83,54.47,358.39,956
4313,QLD,3049,22.15,27.9,13.82,1111.49,10.72,2.64,13.75,52.94,2.33,4.8,48.83,243.46,957
4581,QLD,1631,22.13,31.44,7.21,998.55,13.66,2.81,13.76,55.27,1.94,2.95,45.96,256.69,958
4507,QLD,20619,22.13,26.54,12.61,1050.48,12.87,2.88,15.05,61.5,2.04,6.78,34.89,372.69,958
4655,QLD,67883,22.1,27.25,14.98,1200.41,12.8,2.67,7.1,50.69,2.38,8.04,45.25,339.72,960
2448,NSW,9861,22.09,28.06,12.11,1012.95,14.39,2.81,10.98,54.65,2.14,7.17,41.96,307.62,961
2324,NSW,26123,22.09,22.67,18.34,1386.67,10.98,2.29,14.89,46.17,2.44,6.22,50.18,349.36,961
4342,QLD,3239,22.07,24.73,18.57,1431.07,8.23,2.4,11.11,40.61,2.68,6.3,56.33,320.22,963
4312,QLD,3851,22.06,26.81,14.0,1112.03,10.45,2.73,15.16,54.32,2.29,4.59,46.01,275.47,964
2163,NSW,10929,22.05,23.17,15.68,1082.15,12.31,2.56,20.68,36.45,3.01,13.28,34.24,291.61,965
4670,QLD,85063,21.84,26.42,16.9,1283.91,12.32,2.43,5.23,45.57,2.42,6.84,52.05,291.26,966
4605,QLD,5513,21.7,32.82,11.86,1021.57,7.54,2.44,11.21,42.6,2.59,7.94,45.06,184.24,967
4873,QLD,7016,21.69,24.2,15.01,1298.65,12.16,2.73,10.45,46.07,2.35,4.65,55.82,271.95,968
4608,QLD,921,21.68,31.06,10.08,1090.41,8.83,2.62,13.73,50.07,2.37,2.92,51.53,233.7,969
4511,QLD,9934,21.65,23.03,18.2,1372.6,10.21,2.37,12.12,50.29,2.5,6.72,47.56,398.56,970
4357,QLD,2954,21.53,27.3,14.65,1248.24,10.4,2.23,11.44,46.61,2.41,6.39,54.04,227.74,971
2428,NSW,25510,21.47,27.64,12.29,1072.82,12.58,2.66,10.91,56.67,2.11,6.03,41.31,369.72,972
4830,QLD,1807,21.42,35.72,13.24,1274.59,7.31,1.42,4.56,27.32,3.76,14.12,35.86,124.87,973
4311,QLD,13239,21.38,23.4,17.54,1393.8,8.86,2.38,12.32,43.99,2.67,6.67,51.96,307.46,974
2325,NSW,32249,21.28,20.92,21.77,1413.84,8.95,2.01,12.99,40.58,2.46,5.88,52.03,316.51,975
2460,NSW,33547,21.28,26.93,15.08,1205.21,10.26,2.31,10.35,45.41,2.4,7.02,48.42,308.86,975
4676,QLD,290,21.27,36.84,4.46,924.0,6.12,1.0,32.63,53.0,2.2,13.4,45.5,200.0,977
4757,QLD,485,21.24,32.27,12.66,931.99,8.16,2.0,13.92,46.28,2.49,3.53,45.32,223.9,978
4341,QLD,16345,21.19,23.19,19.11,1494.81,8.83,2.06,9.66,41.57,2.69,6.98,55.37,340.99,979
2431,NSW,5639,21.11,27.18,12.09,1035.58,12.97,2.51,12.02,57.06,2.15,6.53,40.93,346.09,980
4699,QLD,746,21.1,24.8,21.94,1255.08,4.34,2.0,12.45,46.83,2.54,4.33,53.12,218.1,981
4737,QLD,8911,21.04,19.02,26.66,1736.63,6.84,1.6,6.82,41.78,2.61,4.82,57.5,304.44,982
2703,NSW,741,20.95,25.11,17.17,1518.49,6.23,2.26,8.5,32.72,2.76,4.46,51.44,182.27,983
4694,QLD,639,20.95,18.86,23.74,1804.25,4.26,2.14,9.3,42.94,2.64,2.66,59.71,216.98,983
4856,QLD,1378,20.83,25.88,16.91,1323.85,7.93,1.99,10.85,45.18,2.43,4.23,56.52,253.99,985
4355,QLD,3094,20.73,27.73,9.2,1024.95,10.98,2.76,14.72,55.21,2.27,5.08,42.6,255.86,986
2880,NSW,18187,20.7,26.27,17.42,1201.19,10.18,2.16,5.44,43.98,2.19,5.42,52.76,212.02,987
2770,NSW,61531,20.63,17.99,18.4,1381.01,12.84,2.03,17.55,32.93,3.02,9.98,46.19,332.99,988
4401,QLD,7218,20.52,22.75,17.56,1390.26,8.03,2.33,10.46,41.9,2.6,5.4,58.79,273.91,989
4756,QLD,1020,20.45,29.7,14.46,1114.13,6.64,1.75,12.75,47.46,2.34,4.87,48.39,219.38,990
2353,NSW,1591,20.41,22.8,17.32,1323.02,10.89,1.79,12.81,47.07,2.34,4.35,54.89,254.88,991
2834,NSW,2028,20.38,32.76,10.33,869.84,7.99,2.39,9.36,50.1,2.06,10.94,38.37,174.21,992
4678,QLD,826,20.29,27.29,17.4,1245.38,6.45,1.3,14.19,53.7,2.34,7.2,51.75,229.48,993
4806,QLD,3758,20.28,25.5,17.22,1296.87,7.68,2.05,8.13,48.93,2.39,3.88,54.2,207.73,994
2443,NSW,9189,20.24,28.93,10.26,990.66,11.96,2.15,12.0,60.3,2.08,7.21,36.92,340.07,995
4370,QLD,20323,20.22,26.06,13.48,1214.94,11.39,2.24,7.77,45.04,2.38,5.24,54.63,270.42,996
2440,NSW,23945,20.14,27.71,12.95,1187.64,9.48,2.16,8.46,45.32,2.46,8.29,46.56,285.51,997
2427,NSW,3460,20.13,31.49,8.69,897.35,10.18,2.12,13.2,63.68,1.98,6.77,30.21,367.0,998
4674,QLD,2784,20.11,32.16,8.79,850.14,8.25,1.6,20.66,53.5,2.21,12.04,41.97,229.88,999
2506,NSW,8021,20.09,20.25,19.26,1333.39,10.05,1.82,14.26,40.35,2.57,6.58,48.97,326.0,1000
4860,QLD,12111,20.05,26.27,14.05,1233.1,10.14,2.26,6.37,43.16,2.41,6.69,54.8,245.6,1001
2426,NSW,1012,20.03,27.85,11.11,1136.68,7.57,2.75,9.04,48.82,2.53,5.58,50.01,300.85,1002
4304,QLD,17815,20.02,21.96,16.42,1319.64,11.54,2.11,9.98,37.67,2.45,8.16,56.21,294.4,1003
4677,QLD,4809,19.97,26.17,11.54,1028.25,10.67,2.28,14.73,51.01,2.24,9.05,46.41,275.18,1004
4506,QLD,25664,19.93,18.94,20.18,1577.92,9.41,1.97,8.61,35.57,2.76,7.18,60.86,371.22,1005
2312,NSW,2089,19.92,25.33,13.36,1202.64,9.95,1.92,13.91,49.84,2.6,4.74,49.57,317.5,1006
4815,QLD,21823,19.9,18.76,21.93,1611.74,9.63,2.05,3.44,36.14,2.72,6.98,59.17,297.19,1007
2263,NSW,24887,19.85,22.01,15.94,1242.03,9.86,1.92,16.17,44.34,2.32,7.13,48.31,360.43,1008
2262,NSW,21404,19.81,20.5,18.47,1399.63,8.36,1.67,16.16,39.63,2.57,6.01,54.33,376.54,1009
4739,QLD,340,19.8,33.96,8.89,966.0,2.7,2.0,15.72,54.0,2.1,3.6,57.2,175.0,1010
2528,NSW,23763,19.79,21.24,17.36,1256.28,9.5,2.01,14.19,43.87,2.4,6.57,48.23,350.23,1011
4805,QLD,12197,19.77,21.9,21.55,1421.83,8.63,1.6,5.89,42.72,2.44,4.55,55.74,263.42,1012
4301,QLD,36957,19.75,17.18,19.76,1613.23,11.0,2.07,8.46,29.34,3.1,8.84,64.78,339.38,1013
4850,QLD,11119,19.63,26.44,15.25,1216.33,8.06,2.02,7.01,51.32,2.21,4.59,52.48,200.96,1014
2717,NSW,1332,19.54,23.27,15.9,1260.4,6.98,2.52,8.75,45.2,2.55,12.78,44.9,183.58,1015
4876,QLD,2808,19.54,25.0,16.77,1329.86,6.62,2.51,1.62,23.72,3.53,14.68,53.32,123.77,1015
2643,NSW,3000,19.45,22.47,17.12,1321.91,10.05,1.93,7.84,48.42,2.34,3.98,53.66,267.07,1017
4365,QLD,1026,19.41,28.19,11.57,919.65,7.76,2.0,15.97,52.55,2.24,4.33,40.55,232.07,1018
4131,QLD,11801,19.38,19.11,17.44,1408.74,12.59,2.14,7.18,32.62,2.82,10.51,54.72,349.16,1019
4510,QLD,55967,19.37,19.38,18.66,1436.84,10.04,2.0,8.9,39.78,2.68,8.18,54.28,346.64,1020
2465,NSW,346,19.37,25.49,17.04,1101.0,9.25,2.0,5.23,45.0,2.4,5.6,56.9,330.0,1020
4570,QLD,47090,19.33,23.52,14.14,1214.46,10.47,2.16,9.62,45.79,2.47,6.58,50.65,294.1,1022
2502,NSW,13022,19.3,20.63,15.7,1203.77,10.65,2.09,14.52,39.74,2.57,8.17,46.44,345.48,1023
2462,NSW,3099,19.29,26.78,12.67,1026.86,9.22,2.03,11.53,52.06,2.3,6.26,48.9,283.44,1024
4892,QLD,6046,19.27,32.87,10.57,1088.1,5.21,1.84,6.72,32.18,3.29,20.3,42.93,125.28,1025
4376,QLD,351,19.24,30.83,7.03,955.0,10.93,2.0,11.28,49.0,2.3,4.2,47.2,213.0,1026
4799,QLD,1297,19.21,28.61,14.22,1141.46,4.17,1.49,14.29,50.69,2.35,4.57,51.76,214.5,1027
4314,QLD,4866,19.17,28.66,8.83,966.11,7.91,2.11,16.2,54.47,2.26,7.82,41.75,226.27,1028
4614,QLD,1816,19.05,32.3,7.96,888.86,7.93,1.7,13.82,53.58,2.2,8.19,38.3,193.2,1029
4859,QLD,911,19.01,21.44,14.43,1474.58,8.75,2.25,8.21,43.78,2.48,3.2,54.3,262.41,1030
4373,QLD,1105,18.81,28.4,10.81,981.31,9.64,1.92,9.55,56.69,2.12,3.52,45.09,219.81,1031
4671,QLD,6893,18.76,28.13,11.59,1000.83,7.49,1.75,13.1,51.25,2.35,9.69,43.22,227.86,1032
4887,QLD,2371,18.69,26.54,11.65,945.15,9.65,2.37,7.93,46.63,2.23,7.74,42.18,210.22,1033
4606,QLD,2815,18.63,26.77,12.35,1041.55,7.85,2.07,9.41,51.59,2.21,4.95,45.19,221.59,1034
4508,QLD,19975,18.43,19.83,16.85,1384.42,9.67,1.78,9.42,40.24,2.6,8.98,54.25,332.97,1035
4798,QLD,837,18.23,23.39,18.7,1403.26,5.97,1.28,6.03,45.8,2.45,4.47,53.45,221.54,1036
2319,NSW,7404,18.16,20.81,15.15,1138.78,9.88,1.73,14.43,49.46,2.36,6.27,46.5,355.35,1037
2641,NSW,17126,18.15,20.31,15.24,1269.16,12.01,2.04,5.81,39.76,2.31,6.62,56.68,268.58,1038
4854,QLD,5535,18.13,23.07,17.43,1315.03,6.7,1.52,7.07,43.45,2.44,4.03,57.33,247.46,1039
4888,QLD,3358,17.8,28.34,8.03,871.13,8.9,2.01,11.61,52.03,2.25,10.61,43.83,237.87,1040
2326,NSW,7965,17.77,17.23,21.08,1510.03,5.89,1.52,9.41,39.12,2.71,7.7,56.13,325.86,1041
4804,QLD,2336,17.64,22.39,16.95,1335.06,5.93,1.4,8.62,42.69,2.36,6.91,49.89,188.85,1042
2559,NSW,3085,17.54,14.86,11.48,1149.3,14.78,2.88,13.13,27.93,3.17,13.93,43.5,263.05,1043
2838,NSW,254,17.46,35.33,3.37,754.7,4.67,2.48,5.06,40.91,2.31,10.29,36.14,166.21,1044
2466,NSW,2010,17.44,25.53,8.2,903.45,9.61,2.09,13.56,60.52,1.99,9.49,34.56,318.33,1045
2470,NSW,17045,17.31,21.46,14.03,1238.57,8.35,1.75,9.53,43.69,2.48,5.32,51.28,287.92,1046
4695,QLD,1370,17.14,19.31,20.87,1453.23,3.96,1.36,6.5,44.58,2.57,6.33,51.12,202.71,1047
4205,QLD,6802,17.07,21.53,12.47,1206.67,9.95,1.83,8.37,46.0,2.23,7.81,47.11,302.32,1048
4697,QLD,523,17.05,25.32,16.67,1142.0,4.47,1.0,8.86,47.0,2.6,11.7,42.5,200.0,1049
4615,QLD,8107,16.61,25.65,10.05,940.12,7.08,1.73,11.27,52.39,2.24,8.46,38.5,233.07,1050
4184,QLD,8634,16.5,25.28,4.29,774.28,11.9,1.91,17.24,60.3,1.87,13.49,31.4,262.44,1051
4660,QLD,8873,16.44,24.15,10.67,1014.11,8.17,1.7,9.76,53.93,2.27,7.3,42.57,268.89,1052
2551,NSW,4051,16.36,20.4,12.43,1086.4,11.59,1.85,6.78,53.04,2.2,6.03,46.13,301.37,1053
2847,NSW,2444,16.12,16.33,18.76,1242.68,8.86,1.41,8.45,46.86,2.35,7.38,49.0,276.32,1054
4891,QLD,764,16.09,21.86,11.63,1261.88,6.82,1.0,15.36,44.85,2.09,3.25,63.14,198.25,1055
4650,QLD,36210,15.91,22.0,12.77,1093.56,8.27,1.63,6.48,49.01,2.28,9.49,44.59,261.24,1056
9797,NSW,183,15.77,34.48,0.0,1749.0,2.19,,0.0,39.0,1.5,5.7,19.2,0.0,1057
4372,QLD,205,15.0,24.0,4.11,1375.0,12.73,1.0,6.0,51.0,2.5,3.8,64.2,185.0,1058
4421,QLD,2250,14.4,25.51,6.62,904.94,6.15,1.35,10.75,47.17,2.23,18.88,39.56,172.06,1059
4659,QLD,5887,14.21,23.03,7.61,939.6,7.64,1.38,10.47,57.89,2.23,9.12,34.87,298.04,1060
2848,NSW,1633,13.89,24.1,8.76,734.77,6.6,1.4,9.55,54.29,1.91,10.89,34.19,214.34,1061
2327,NSW,8269,13.76,14.53,16.08,1264.91,6.87,1.08,9.65,38.75,2.39,6.84,53.8,321.16,1062
2341,NSW,1693,13.72,16.71,12.01,1115.87,5.78,1.61,11.43,49.16,2.24,8.7,45.9,218.29,1063
4132,QLD,27089,13.51,13.42,16.13,1454.53,6.97,1.11,6.07,29.34,3.23,9.97,56.98,352.1,1064
4303,QLD,4181,13.11,16.54,11.04,1142.73,8.71,1.18,9.26,38.11,2.45,12.91,46.44,267.09,1065
9494,ACT,26646,11.65,26.61,,0.0,14.13,,15.54,0.0,0.0,0.0,0.0,0.0,1066
4849,QLD,1582,11.23,18.97,5.38,861.67,7.41,1.42,8.23,59.43,1.96,8.12,39.33,254.13,1067
4580,QLD,5337,11.22,19.58,6.2,784.54,6.35,1.15,11.35,62.76,1.99,7.41,27.94,281.26,1068
4713,QLD,1019,10.83,26.8,4.76,684.0,4.37,1.0,0.0,23.0,3.3,22.3,38.0,120.0,1069
4662,QLD,1037,10.19,11.58,12.07,1151.17,5.76,1.29,4.77,47.73,2.46,11.3,40.41,258.83,1070
4114,QLD,30158,10.07,12.79,9.95,1105.93,7.52,1.12,5.24,32.92,2.82,14.83,46.21,295.46,1071
4383,NSW,608,9.59,21.18,2.23,837.18,2.46,1.56,5.37,56.0,2.01,11.95,38.28,202.06,1072
4714,QLD,2936,9.15,17.53,7.86,846.08,3.97,1.0,4.11,52.8,2.09,14.57,34.77,208.36,1073
2306,NSW,3581,7.92,13.12,7.76,841.56,4.23,1.0,7.61,36.7,2.29,13.92,36.24,206.05,1074
2308,NSW,1358,1.58,12.17,,0.0,1.77,,8.52,20.0,0.0,18.1,44.3,0.0,1075
