postcode,region_name,market_share_pct,market_size_dollars,customer_penetration_pct,spend_per_customer,spend_per_transaction,transactions_per_customer,nearest_store,distance_km,distance_tier,yoy_share_pct,share_trend_pp,period,yoy_period
2000,Sydney,4.222,297936.0,8.077,136.46,57.44,2.38,Broadway,0.0,Core (0-3km),3.846,0.376,202512,202412
2007,Ultimo,5.269,98146.0,16.018,78.4,35.59,2.2,Leichhardt,0.0,Core (0-3km),4.857,0.412,202512,202412
2008,Chippendale,5.656,138657.0,16.106,90.92,40.49,2.25,Leichhardt,1.3,Core (0-3km),5.849,-0.193,202512,202412
2009,Pyrmont,5.257,190801.0,16.063,107.88,53.15,2.03,Drummoyne,0.0,Core (0-3km),5.394,-0.137,202512,202412
2010,Surry Hills,8.262,630194.0,22.71,114.54,47.39,2.42,Bondi Westfield,0.0,Core (0-3km),8.086,0.176,202512,202412
2011,Potts Point,16.171,1015674.0,39.713,152.71,41.83,3.65,Bondi Westfield,1.35,Core (0-3km),15.243,0.928,202512,202412
2015,Alexandria,4.29,152455.0,12.67,116.73,62.24,1.88,Leichhardt,2.79,Core (0-3km),3.753,0.537,202512,202412
2016,Redfern,8.457,319128.0,25.453,106.43,44.15,2.41,Bondi Westfield,1.66,Core (0-3km),8.422,0.035,202512,202412
2017,Waterloo (NSW),3.115,224463.0,11.273,81.89,46.52,1.76,Randwick,2.37,Core (0-3km),2.391,0.724,202512,202412
2018,Rosebery (NSW),2.281,122997.0,11.07,70.97,39.53,1.8,Randwick,4.12,Primary (3-5km),1.523,0.758,202512,202412
2019,Botany,3.198,129627.0,14.017,89.63,49.21,1.82,Miranda,6.67,Secondary (5-10km),1.518,1.68,202512,202412
2020,Mascot,1.593,81280.0,7.072,67.59,37.24,1.82,Randwick,4.96,Primary (3-5km),0.86,0.733,202512,202412
2021,Paddington (NSW),8.668,418365.0,23.52,147.53,62.5,2.36,Randwick,0.0,Core (0-3km),8.92,-0.252,202512,202412
2022,Bondi Junction,9.578,461794.0,29.611,135.92,48.28,2.82,Randwick,1.72,Core (0-3km),9.729,-0.151,202512,202412
2023,Bellevue Hill,13.084,507923.0,37.201,170.56,60.69,2.81,Bondi,0.0,Core (0-3km),12.878,0.206,202512,202412
2024,Bronte,12.808,501452.0,33.507,180.72,67.15,2.69,Bondi,2.71,Core (0-3km),12.694,0.114,202512,202412
2025,Woollahra,11.93,281379.0,31.298,169.26,60.26,2.81,Randwick,0.89,Core (0-3km),11.439,0.491,202512,202412
2026,Bondi Beach,16.361,1837893.0,42.963,160.67,46.58,3.45,Bondi,2.59,Core (0-3km),14.947,1.414,202512,202412
2027,Darling Point,8.816,246766.0,26.022,153.78,67.0,2.3,Bondi,1.12,Core (0-3km),8.097,0.719,202512,202412
2028,Double Bay,5.346,81728.0,21.465,112.79,55.71,2.02,Bondi,0.71,Core (0-3km),5.424,-0.078,202512,202412
2029,Rose Bay (NSW),15.854,572132.0,46.004,163.04,44.6,3.66,Bondi,2.14,Core (0-3km),15.385,0.469,202512,202412
2030,Vaucluse,15.085,744184.0,42.587,186.74,63.63,2.93,Bondi,3.64,Primary (3-5km),15.025,0.06,202512,202412
2031,Randwick,12.553,1332926.0,38.877,132.26,46.25,2.86,Randwick,3.25,Primary (3-5km),11.321,1.232,202512,202412
2032,Kingsford (NSW),6.523,271851.0,21.484,91.67,43.37,2.11,Randwick,3.76,Primary (3-5km),3.726,2.797,202512,202412
2033,Kensington (NSW),5.328,182435.0,17.262,102.09,42.07,2.43,Randwick,3.13,Primary (3-5km),4.582,0.746,202512,202412
2034,Coogee (NSW),9.367,594482.0,29.948,125.68,52.55,2.39,Randwick,3.93,Primary (3-5km),7.136,2.231,202512,202412
2035,Maroubra,9.279,1020191.0,37.34,99.78,41.75,2.39,Randwick,6.07,Secondary (5-10km),2.251,7.028,202512,202412
2036,Matraville,3.877,378571.0,18.206,82.11,45.17,1.82,Randwick,8.39,Secondary (5-10km),1.106,2.771,202512,202412
2037,Glebe (NSW),8.877,427887.0,28.598,107.53,48.91,2.2,Leichhardt,1.42,Core (0-3km),8.883,-0.006,202512,202412
2038,Annandale (NSW),12.246,316303.0,29.725,150.35,67.48,2.23,Leichhardt,2.9,Core (0-3km),11.778,0.468,202512,202412
2039,Rozelle,10.46,287149.0,23.691,183.96,87.46,2.1,Drummoyne,2.36,Core (0-3km),9.66,0.8,202512,202412
2040,Leichhardt (NSW),10.93,769271.0,34.267,134.27,54.99,2.44,Drummoyne,3.24,Primary (3-5km),10.537,0.393,202512,202412
2041,Balmain,10.513,516707.0,21.839,204.23,101.51,2.01,Drummoyne,1.85,Core (0-3km),10.77,-0.257,202512,202412
2042,Newtown (NSW),5.753,279809.0,14.886,121.91,64.1,1.9,Leichhardt,3.19,Primary (3-5km),4.386,1.367,202512,202412
2043,Erskineville,4.327,120571.0,11.842,128.61,68.41,1.88,Leichhardt,3.0,Primary (3-5km),3.177,1.15,202512,202412
2044,St Peters (NSW),4.108,84277.0,13.717,95.78,56.17,1.71,Leichhardt,5.25,Secondary (5-10km),1.93,2.178,202512,202412
2045,Haberfield,7.278,162121.0,20.03,170.54,78.02,2.19,Drummoyne,4.85,Primary (3-5km),7.612,-0.334,202512,202412
2046,Five Dock,9.529,885928.0,21.735,206.11,86.45,2.38,Boronia Park,5.12,Secondary (5-10km),9.311,0.218,202512,202412
2047,Drummoyne,21.87,1058922.0,50.458,226.47,62.22,3.64,Boronia Park,3.52,Primary (3-5km),21.112,0.758,202512,202412
2048,Stanmore (NSW),10.94,247864.0,26.22,151.25,63.07,2.4,Leichhardt,3.58,Primary (3-5km),10.898,0.042,202512,202412
2049,Petersham,8.578,300751.0,23.512,129.53,57.33,2.26,Leichhardt,4.67,Primary (3-5km),6.774,1.804,202512,202412
2050,Camperdown (NSW),9.875,194523.0,22.472,125.98,61.19,2.06,Leichhardt,2.37,Core (0-3km),9.774,0.101,202512,202412
2060,North Sydney,7.958,391161.0,18.047,171.98,70.75,2.43,Cammeray,0.0,Core (0-3km),6.746,1.212,202512,202412
2061,Kirribilli,9.457,173611.0,19.306,174.14,77.05,2.26,Cammeray,1.07,Core (0-3km),8.806,0.651,202512,202412
2062,Cammeray,22.838,585037.0,61.267,183.04,44.48,4.11,Willoughby,0.0,Core (0-3km),21.972,0.866,202512,202412
2063,Northbridge (NSW),9.279,214922.0,30.165,160.45,69.23,2.32,Willoughby,0.92,Core (0-3km),9.378,-0.099,202512,202412
2064,Artarmon,7.698,173744.0,18.863,135.02,65.05,2.08,Lane Cove,0.0,Core (0-3km),8.664,-0.966,202512,202412
2065,St Leonards (NSW),8.564,885985.0,21.481,162.15,66.68,2.43,Lane Cove,1.35,Core (0-3km),8.319,0.245,202512,202412
2066,Lane Cove North,13.565,1598961.0,38.281,162.59,59.64,2.73,Boronia Park,0.0,Core (0-3km),13.96,-0.395,202512,202412
2067,Chatswood,5.822,359035.0,13.065,126.65,60.06,2.11,Lindfield,0.0,Core (0-3km),6.406,-0.584,202512,202412
2068,Willoughby (NSW),14.434,806685.0,44.353,150.33,49.19,3.06,Willoughby,2.66,Core (0-3km),15.119,-0.685,202512,202412
2069,Roseville,14.393,685289.0,32.207,205.59,74.06,2.78,Lindfield,2.6,Core (0-3km),14.739,-0.346,202512,202412
2070,Lindfield,18.525,893259.0,48.729,180.45,54.6,3.3,Lindfield,2.46,Core (0-3km),22.465,-3.94,202512,202412
2071,Killara (NSW),16.083,730604.0,39.955,183.47,65.19,2.81,St Ives,2.0,Core (0-3km),17.203,-1.12,202512,202412
2072,Gordon (NSW),9.899,265301.0,26.166,155.67,60.18,2.59,St Ives,0.0,Core (0-3km),10.113,-0.214,202512,202412
2073,Pymble,10.608,597934.0,29.756,168.51,67.43,2.5,Dural,0.0,Core (0-3km),11.14,-0.532,202512,202412
2074,Turramurra,7.815,650663.0,25.825,152.85,65.58,2.33,Dural,2.85,Core (0-3km),7.831,-0.016,202512,202412
2075,St Ives (NSW),12.275,965309.0,44.523,142.85,50.09,2.85,St Ives,5.86,Secondary (5-10km),12.772,-0.497,202512,202412
2076,Wahroonga,5.029,416170.0,17.22,139.43,64.3,2.17,Dural,5.03,Secondary (5-10km),5.24,-0.211,202512,202412
2077,Hornsby,1.648,200166.0,7.011,86.42,47.18,1.83,Dural,7.63,Secondary (5-10km),1.631,0.017,202512,202412
2079,Mount Colah,1.365,35840.0,6.977,94.29,53.73,1.76,Dural,8.24,Secondary (5-10km),1.291,0.074,202512,202412
2080,Mount Kuring-Gai,0.941,8348.0,7.376,68.92,47.52,1.45,Dural,12.63,Extended (10-20km),1.225,-0.284,202512,202412
2081,Berowra,1.414,24920.0,6.707,108.24,67.88,1.59,Mona Vale,15.54,Extended (10-20km),1.368,0.046,202512,202412
2082,Berowra Heights,1.452,30633.0,6.587,123.23,66.96,1.84,Dural,18.76,Extended (10-20km),1.464,-0.012,202512,202412
2083,Brooklyn (NSW),2.229,13212.0,6.703,184.05,105.1,1.75,Erina,16.15,Extended (10-20km),2.03,0.199,202512,202412
2084,Terrey Hills,6.227,93598.0,22.734,157.53,70.33,2.24,Mona Vale,8.37,Secondary (5-10km),6.143,0.084,202512,202412
2085,Belrose,1.927,92091.0,9.546,111.59,65.01,1.72,St Ives,5.27,Secondary (5-10km),1.872,0.055,202512,202412
2086,Frenchs Forest,2.52,140400.0,10.52,131.84,71.45,1.85,Manly,6.11,Secondary (5-10km),2.346,0.174,202512,202412
2087,Forestville (NSW),4.397,210140.0,15.362,149.42,80.29,1.86,Manly,4.16,Primary (3-5km),3.83,0.567,202512,202412
2088,Mosman,20.544,2265544.0,50.332,211.16,57.68,3.66,Mosman,0.0,Core (0-3km),20.573,-0.029,202512,202412
2089,Neutral Bay,8.449,342141.0,24.212,149.09,65.73,2.27,Cammeray,1.43,Core (0-3km),8.325,0.124,202512,202412
2090,Cremorne (NSW),11.326,619526.0,33.889,168.99,60.2,2.81,Mosman,1.34,Core (0-3km),10.786,0.54,202512,202412
2092,Seaforth (NSW),8.099,226200.0,23.835,193.42,78.36,2.47,Manly,0.0,Core (0-3km),6.371,1.728,202512,202412
2093,Balgowlah,5.856,543663.0,21.737,149.35,65.81,2.27,Manly,1.69,Core (0-3km),5.423,0.433,202512,202412
2094,Fairlight,10.36,270822.0,30.24,184.51,70.61,2.61,Manly,3.18,Primary (3-5km),9.914,0.446,202512,202412
2095,Manly (NSW),11.972,791586.0,31.606,180.99,62.09,2.92,Manly,4.5,Primary (3-5km),11.092,0.88,202512,202412
2096,Freshwater (NSW),8.594,500450.0,26.976,158.95,66.79,2.38,Manly,5.11,Secondary (5-10km),8.435,0.159,202512,202412
2097,Collaroy (NSW),3.877,245195.0,12.897,157.28,74.65,2.11,Mona Vale,3.32,Primary (3-5km),3.269,0.608,202512,202412
2099,Dee Why,2.923,434167.0,9.665,138.43,68.03,2.03,Mona Vale,5.38,Secondary (5-10km),2.615,0.308,202512,202412
2100,Beacon Hill,4.488,377963.0,14.756,159.86,70.77,2.26,Manly,4.86,Primary (3-5km),4.067,0.421,202512,202412
2101,Narrabeen,4.109,324527.0,17.426,126.64,58.5,2.16,Mona Vale,0.0,Core (0-3km),3.974,0.135,202512,202412
2102,Warriewood,4.398,156589.0,23.369,115.09,50.32,2.29,Mona Vale,1.82,Core (0-3km),4.565,-0.167,202512,202412
2103,Mona Vale,8.482,396197.0,41.41,119.61,40.95,2.92,Mona Vale,3.24,Primary (3-5km),8.737,-0.255,202512,202412
2104,Bayview (NSW),9.535,175380.0,43.748,129.29,42.08,3.07,Mona Vale,4.89,Primary (3-5km),10.298,-0.763,202512,202412
2105,Church Point,12.869,100092.0,44.473,174.44,53.55,3.26,Mona Vale,6.82,Secondary (5-10km),12.391,0.478,202512,202412
2106,Newport (NSW),9.765,396820.0,36.523,152.61,56.99,2.68,Mona Vale,5.78,Secondary (5-10km),9.157,0.608,202512,202412
2107,Avalon Beach,8.194,600968.0,30.709,166.22,62.47,2.66,Mona Vale,8.38,Secondary (5-10km),8.167,0.027,202512,202412
2108,Palm Beach (NSW),14.305,97749.0,35.666,233.54,80.02,2.92,Mona Vale,11.03,Extended (10-20km),13.206,1.099,202512,202412
2110,Hunters Hill,23.687,770995.0,48.807,235.31,76.98,3.06,Boronia Park,1.83,Core (0-3km),24.246,-0.559,202512,202412
2111,Gladesville,13.267,732787.0,35.714,176.72,58.13,3.04,Boronia Park,3.33,Primary (3-5km),12.484,0.783,202512,202412
2112,Ryde,4.362,454508.0,11.098,139.77,70.72,1.98,Boronia Park,5.61,Secondary (5-10km),4.524,-0.162,202512,202412
2113,North Ryde,4.126,289093.0,10.181,126.63,61.62,2.06,Lindfield,4.45,Primary (3-5km),3.816,0.31,202512,202412
2114,West Ryde,2.242,139452.0,5.452,127.46,71.77,1.78,Boronia Park,7.83,Secondary (5-10km),2.087,0.155,202512,202412
2115,Ermington,1.541,46016.0,4.041,116.9,78.84,1.48,Boronia Park,10.06,Extended (10-20km),1.476,0.065,202512,202412
2116,Rydalmere,0.731,13183.0,3.078,73.06,54.72,1.34,Dural,11.35,Extended (10-20km),0.738,-0.007,202512,202412
2117,Telopea,1.163,59330.0,3.512,103.42,70.16,1.47,Dural,10.07,Extended (10-20km),1.292,-0.129,202512,202412
2118,Carlingford,1.153,68251.0,3.972,87.04,55.54,1.57,Dural,9.98,Secondary (5-10km),0.938,0.215,202512,202412
2119,Beecroft,6.554,253134.0,21.311,135.19,61.83,2.19,Dural,6.38,Secondary (5-10km),6.166,0.388,202512,202412
2120,Pennant Hills,8.069,570341.0,35.338,103.58,38.05,2.72,Dural,6.64,Secondary (5-10km),8.156,-0.087,202512,202412
2121,Epping (NSW),2.574,186139.0,6.612,110.74,63.85,1.73,Dural,4.81,Primary (3-5km),2.441,0.133,202512,202412
2122,Eastwood (NSW),1.78,116543.0,4.935,94.23,55.21,1.71,Dural,5.25,Secondary (5-10km),1.749,0.031,202512,202412
2125,West Pennant Hills,3.424,172795.0,14.4,104.66,52.85,1.98,Dural,8.39,Secondary (5-10km),3.003,0.421,202512,202412
2126,Cherrybrook,3.042,147508.0,13.899,83.11,45.5,1.83,Dural,9.24,Secondary (5-10km),2.344,0.698,202512,202412
2127,Wentworth Point,1.025,62124.0,3.074,100.25,67.96,1.48,Boronia Park,9.28,Secondary (5-10km),1.016,0.009,202512,202412
2128,Silverwater (Parramatta - NSW),0.81,4069.0,3.088,69.18,51.97,1.33,Boronia Park,10.8,Extended (10-20km),0.78,0.03,202512,202412
2130,Summer Hill (Inner West - NSW),4.098,93838.0,11.674,131.79,74.32,1.77,Leichhardt,5.67,Secondary (5-10km),4.235,-0.137,202512,202412
2131,Ashfield (NSW),2.284,120278.0,6.933,90.87,56.09,1.62,Drummoyne,6.9,Secondary (5-10km),1.942,0.342,202512,202412
2132,Croydon (NSW),2.612,65229.0,6.078,145.0,85.13,1.7,Drummoyne,7.29,Secondary (5-10km),2.538,0.074,202512,202412
2133,Croydon Park (NSW),1.03,26746.0,4.069,81.43,59.44,1.37,Boronia Park,7.53,Secondary (5-10km),0.849,0.181,202512,202412
2134,Burwood (NSW),1.165,34979.0,3.179,68.89,45.08,1.53,Drummoyne,8.81,Secondary (5-10km),0.984,0.181,202512,202412
2135,Strathfield (NSW),1.379,68212.0,2.852,118.89,49.6,2.4,Boronia Park,10.15,Extended (10-20km),1.459,-0.08,202512,202412
2136,Strathfield South,1.177,20497.0,3.126,110.56,65.44,1.69,Drummoyne,9.58,Secondary (5-10km),0.856,0.321,202512,202412
2137,Concord,3.307,285746.0,7.991,176.91,95.42,1.85,Boronia Park,6.03,Secondary (5-10km),2.682,0.625,202512,202412
2138,Rhodes,1.377,64314.0,4.137,95.59,58.49,1.63,Boronia Park,7.38,Secondary (5-10km),1.665,-0.288,202512,202412
2140,Homebush (NSW),0.952,32496.0,2.352,82.32,38.77,2.12,Boronia Park,9.46,Secondary (5-10km),0.957,-0.005,202512,202412
2141,Lidcombe,0.747,37903.0,1.719,83.15,46.68,1.78,Boronia Park,12.35,Extended (10-20km),0.473,0.274,202512,202412
2142,Granville (NSW),0.39,17268.0,1.206,68.23,31.3,2.18,Boronia Park,13.9,Extended (10-20km),0.361,0.029,202512,202412
2143,Regents Park (NSW),0.207,3086.0,1.274,33.65,27.2,1.24,Miranda,14.34,Extended (10-20km),0.386,-0.179,202512,202412
2144,Auburn (NSW),0.313,14945.0,1.047,48.56,25.33,1.92,Boronia Park,12.42,Extended (10-20km),0.233,0.08,202512,202412
2145,Greystanes,0.243,42625.0,1.001,67.27,36.64,1.84,Dural,17.34,Extended (10-20km),0.213,0.03,202512,202412
2146,Toongabbie (NSW),0.144,5850.0,0.784,53.28,38.61,1.38,Dural,16.8,Extended (10-20km),0.164,-0.02,202512,202412
2147,Seven Hills (NSW),0.44,39673.0,1.393,107.2,69.84,1.53,Dural,18.92,Extended (10-20km),0.248,0.192,202512,202412
2148,Blacktown,0.296,41229.0,0.893,95.24,52.2,1.82,Dural,22.19,No Presence (20km+),0.176,0.12,202512,202412
2150,Parramatta,0.564,39888.0,1.585,82.04,37.14,2.21,Dural,14.18,Extended (10-20km),0.465,0.099,202512,202412
2151,North Parramatta,0.86,44732.0,3.18,91.47,56.48,1.62,Dural,12.26,Extended (10-20km),0.755,0.105,202512,202412
2152,Northmead,0.479,14969.0,2.253,79.01,45.63,1.73,Dural,13.23,Extended (10-20km),0.444,0.035,202512,202412
2153,Baulkham Hills,0.741,133530.0,2.92,104.4,66.44,1.57,Bowral,30.29,No Presence (20km+),0.322,0.419,202512,202412
2154,Castle Hill (NSW),1.994,244108.0,6.757,121.37,62.98,1.93,Dural,12.96,Extended (10-20km),0.737,1.257,202512,202412
2155,Kellyville,1.046,231336.0,3.485,117.75,68.27,1.72,Dural,20.1,No Presence (20km+),0.266,0.78,202512,202412
2156,Glenhaven,5.372,306074.0,17.818,180.71,79.87,2.26,Dural,17.01,Extended (10-20km),0.583,4.789,202512,202412
2157,Glenorie,3.736,68424.0,15.417,149.67,74.75,2.0,Dural,80.97,No Presence (20km+),0.541,3.195,202512,202412
2158,Dural (Hornsby - NSW),7.255,249853.0,22.44,175.84,68.58,2.56,Dural,15.26,Extended (10-20km),1.197,6.058,202512,202412
2159,Galston,4.971,123700.0,17.709,178.16,85.2,2.09,Dural,16.72,Extended (10-20km),0.63,4.341,202512,202412
2160,Merrylands,0.375,24948.0,1.016,85.34,50.06,1.7,Dural,17.24,Extended (10-20km),0.243,0.132,202512,202412
2161,Guildford (NSW),0.19,9681.0,0.771,55.62,48.66,1.14,Boronia Park,17.6,Extended (10-20km),0.156,0.034,202512,202412
2162,Chester Hill,0.25,7652.0,0.888,63.12,46.84,1.35,Miranda,16.09,Extended (10-20km),0.182,0.068,202512,202412
2163,Villawood,0.158,2237.0,0.54,57.6,42.44,1.36,Miranda,18.19,Extended (10-20km),0.14,0.018,202512,202412
2164,Smithfield (NSW),0.15,4945.0,0.649,55.12,55.12,1.0,Boronia Park,21.98,No Presence (20km+),0.123,0.027,202512,202412
2165,Fairfield (NSW),0.124,6183.0,0.401,47.93,38.98,1.23,Boronia Park,20.84,No Presence (20km+),0.107,0.017,202512,202412
2166,Cabramatta,0.259,11871.0,0.875,36.87,33.37,1.1,Miranda,21.05,No Presence (20km+),0.136,0.123,202512,202412
2167,Glenfield (NSW),0.2,4088.0,0.739,77.43,29.68,2.61,Miranda,21.94,No Presence (20km+),0.121,0.079,202512,202412
2168,Green Valley (NSW),0.118,7811.0,0.522,51.6,42.3,1.22,Miranda,24.47,No Presence (20km+),0.104,0.014,202512,202412
2170,Liverpool,0.198,41764.0,0.767,65.33,47.07,1.39,Miranda,20.5,No Presence (20km+),0.15,0.048,202512,202412
2171,West Hoxton,0.184,14693.0,0.7,78.5,57.83,1.36,Miranda,27.55,No Presence (20km+),0.134,0.05,202512,202412
2172,Voyager Point,0.273,2143.0,1.954,55.48,50.51,1.1,Bowral,21.12,No Presence (20km+),,,202512,202412
2173,Wattle Grove (NSW),0.27,9264.0,1.397,69.36,44.2,1.57,Miranda,16.81,Extended (10-20km),0.135,0.135,202512,202412
2174,Edmondson Park,0.18,5682.0,0.612,82.68,60.38,1.37,Miranda,25.58,No Presence (20km+),0.085,0.095,202512,202412
2175,Horsley Park,,,,,,,Dural,28.41,No Presence (20km+),,,202512,202412
2176,Bossley Park,0.236,17982.0,0.806,63.29,52.29,1.21,Miranda,25.63,No Presence (20km+),0.213,0.023,202512,202412
2177,Bonnyrigg,0.191,4254.0,0.657,53.51,49.39,1.08,Miranda,25.62,No Presence (20km+),0.086,0.105,202512,202412
2178,Kemps Creek,,,,,,,Miranda,32.15,No Presence (20km+),,,202512,202412
2179,Leppington,0.199,12108.0,0.674,92.78,67.3,1.38,Miranda,31.08,No Presence (20km+),0.103,0.096,202512,202412
2190,Greenacre,0.411,19072.0,1.288,80.7,49.68,1.62,Miranda,11.51,Extended (10-20km),0.281,0.13,202512,202412
2191,Belfield,0.617,6346.0,3.341,50.61,42.35,1.19,Miranda,9.56,Secondary (5-10km),0.75,-0.133,202512,202412
2192,Belmore,0.769,20313.0,2.641,73.21,52.8,1.39,Miranda,7.87,Secondary (5-10km),0.585,0.184,202512,202412
2193,Canterbury (NSW),2.254,113032.0,6.728,116.95,61.39,1.9,Leichhardt,7.64,Secondary (5-10km),1.774,0.48,202512,202412
2194,Campsie,0.727,26209.0,2.635,49.51,29.81,1.66,Miranda,7.9,Secondary (5-10km),0.501,0.226,202512,202412
2195,Lakemba,0.265,8537.0,1.251,37.16,22.86,1.63,Miranda,8.66,Secondary (5-10km),0.23,0.035,202512,202412
2196,Punchbowl (Canterbury-Bankstown - NSW),0.529,30815.0,1.929,70.33,51.17,1.37,Miranda,8.66,Secondary (5-10km),0.243,0.286,202512,202412
2197,Bass Hill,0.308,5412.0,0.719,111.54,54.34,2.05,Miranda,15.78,Extended (10-20km),0.171,0.137,202512,202412
2198,Georges Hall,0.241,4610.0,1.142,62.39,51.62,1.21,Miranda,15.73,Extended (10-20km),0.207,0.034,202512,202412
2199,Yagoona,0.37,9910.0,0.987,81.24,48.36,1.68,Miranda,13.52,Extended (10-20km),0.267,0.103,202512,202412
2200,Bankstown,0.539,36504.0,1.542,70.9,34.45,2.06,Miranda,11.76,Extended (10-20km),0.313,0.226,202512,202412
2203,Dulwich Hill,4.158,166051.0,13.397,110.54,60.26,1.83,Leichhardt,6.12,Secondary (5-10km),2.943,1.215,202512,202412
2204,Marrickville,6.861,463513.0,19.015,114.24,46.95,2.43,Leichhardt,5.11,Secondary (5-10km),2.167,4.694,202512,202412
2205,Wolli Creek,1.272,82229.0,5.037,75.92,42.47,1.79,Miranda,5.06,Secondary (5-10km),0.568,0.704,202512,202412
2206,Earlwood,2.354,128614.0,7.177,124.84,65.21,1.91,Miranda,6.36,Secondary (5-10km),1.082,1.272,202512,202412
2207,Bexley,1.373,91037.0,4.797,94.34,57.95,1.63,Miranda,4.44,Primary (3-5km),0.586,0.787,202512,202412
2208,Kingsgrove,1.292,39957.0,4.55,93.6,57.93,1.62,Miranda,5.52,Secondary (5-10km),0.784,0.508,202512,202412
2209,Beverly Hills,0.957,29529.0,3.947,65.5,42.36,1.55,Miranda,6.72,Secondary (5-10km),0.588,0.369,202512,202412
2210,Riverwood,0.69,53610.0,3.558,60.42,46.77,1.29,Miranda,8.18,Secondary (5-10km),0.235,0.455,202512,202412
2211,Padstow,0.682,28302.0,2.882,76.95,50.11,1.54,Miranda,9.53,Secondary (5-10km),0.135,0.547,202512,202412
2212,Revesby,0.442,17137.0,2.182,61.57,46.13,1.33,Miranda,11.27,Extended (10-20km),0.183,0.259,202512,202412
2213,Panania,0.519,30291.0,2.292,83.73,43.91,1.91,Miranda,13.31,Extended (10-20km),0.293,0.226,202512,202412
2214,Milperra,0.233,2225.0,0.915,92.64,57.19,1.62,Miranda,15.01,Extended (10-20km),,,202512,202412
2216,Rockdale,1.232,81380.0,5.164,68.87,38.12,1.81,Miranda,2.83,Core (0-3km),0.721,0.511,202512,202412
2217,Kogarah,1.787,131302.0,6.614,81.62,50.55,1.61,Miranda,0.0,Core (0-3km),0.601,1.186,202512,202412
2218,Carlton (NSW),1.001,36880.0,4.177,68.91,39.74,1.73,Miranda,1.92,Core (0-3km),0.574,0.427,202512,202412
2219,Sans Souci,2.476,79025.0,11.598,71.86,47.01,1.53,Miranda,1.7,Core (0-3km),0.749,1.727,202512,202412
2220,Hurstville,1.123,69108.0,3.6,66.86,33.2,2.01,Miranda,4.37,Primary (3-5km),0.408,0.715,202512,202412
2221,Blakehurst,2.149,104398.0,9.667,83.55,51.66,1.62,Miranda,3.22,Primary (3-5km),0.377,1.772,202512,202412
2222,Penshurst (NSW),0.894,27475.0,5.014,53.9,32.28,1.67,Miranda,5.15,Secondary (5-10km),0.351,0.543,202512,202412
2223,Mortdale,1.176,73434.0,5.753,80.54,51.18,1.57,Miranda,6.04,Secondary (5-10km),0.462,0.714,202512,202412
2224,Sylvania,3.0,147982.0,14.369,99.98,51.13,1.96,Miranda,5.08,Secondary (5-10km),0.19,2.81,202512,202412
2225,Oyster Bay,1.295,24216.0,9.429,71.32,44.07,1.62,Miranda,6.42,Secondary (5-10km),0.205,1.09,202512,202412
2226,Jannali,1.427,62509.0,9.426,72.76,46.5,1.56,Miranda,8.04,Secondary (5-10km),0.123,1.304,202512,202412
2227,Gymea,2.35,119155.0,13.568,83.39,44.13,1.89,Miranda,8.8,Secondary (5-10km),0.244,2.106,202512,202412
2228,Miranda (NSW),3.667,274022.0,21.287,77.94,35.75,2.18,Miranda,8.22,Secondary (5-10km),0.126,3.541,202512,202412
2229,Caringbah,1.874,216173.0,12.344,76.01,45.49,1.67,Miranda,8.45,Secondary (5-10km),0.142,1.732,202512,202412
2230,Cronulla,1.793,199109.0,10.436,78.29,49.3,1.59,Miranda,9.37,Secondary (5-10km),0.228,1.565,202512,202412
2231,Kurnell,1.197,9849.0,9.35,62.84,32.98,1.91,Miranda,7.25,Secondary (5-10km),,,202512,202412
2232,Sutherland (NSW),1.266,156108.0,9.037,63.68,42.73,1.49,Miranda,21.39,No Presence (20km+),0.155,1.111,202512,202412
2233,Engadine,0.765,87914.0,5.738,72.11,46.97,1.54,Miranda,15.54,Extended (10-20km),0.075,0.69,202512,202412
2234,Menai,0.902,96143.0,6.512,68.02,45.42,1.5,Miranda,12.06,Extended (10-20km),0.116,0.786,202512,202412
2250,Wyoming,3.379,864556.0,16.006,102.47,51.85,1.98,Erina,0.0,Core (0-3km),3.318,0.061,202512,202412
2251,Kincumber,4.077,548261.0,19.158,120.11,61.84,1.94,Erina,13.93,Extended (10-20km),3.72,0.357,202512,202412
2256,Woy Woy,1.65,94795.0,7.52,97.96,70.2,1.4,Erina,12.3,Extended (10-20km),1.661,-0.011,202512,202412
2257,Umina Beach,2.084,243668.0,8.91,118.48,76.97,1.54,Erina,14.58,Extended (10-20km),1.798,0.286,202512,202412
2258,Ourimbah,1.808,34879.0,8.137,115.19,71.22,1.62,Erina,10.37,Extended (10-20km),1.866,-0.058,202512,202412
2259,Hamlyn Terrace,0.475,114687.0,2.741,84.89,62.15,1.37,Cooks Hill,23.33,No Presence (20km+),0.51,-0.035,202512,202412
2260,Terrigal,7.101,727994.0,28.808,138.62,61.69,2.25,Erina,15.13,Extended (10-20km),6.724,0.377,202512,202412
2261,Bateau Bay,1.139,217524.0,6.512,82.94,56.35,1.47,Erina,18.41,Extended (10-20km),1.276,-0.137,202512,202412
2262,Blue Haven,0.207,15466.0,1.619,60.72,49.52,1.23,Cooks Hill,28.15,No Presence (20km+),0.281,-0.074,202512,202412
2263,Gorokan,0.402,32299.0,2.365,72.64,63.24,1.15,Erina,27.59,No Presence (20km+),0.315,0.087,202512,202412
2264,Bonnells Bay,0.502,34311.0,2.042,131.25,75.84,1.73,Cooks Hill,17.98,Extended (10-20km),0.465,0.037,202512,202412
2265,Cooranbong,0.285,9967.0,1.692,88.37,68.75,1.29,Cooks Hill,22.41,No Presence (20km+),0.684,-0.399,202512,202412
2267,Wangi Wangi,0.542,7212.0,3.589,80.02,59.17,1.35,Cooks Hill,11.68,Extended (10-20km),0.902,-0.36,202512,202412
2278,Barnsley,,,,,,,Cooks Hill,8.12,Secondary (5-10km),,,202512,202412
2280,Belmont (NSW),1.16,115429.0,4.425,139.53,95.52,1.46,Cooks Hill,5.71,Secondary (5-10km),1.136,0.024,202512,202412
2281,Swansea (NSW),0.921,57632.0,3.361,144.39,104.44,1.38,Cooks Hill,15.17,Extended (10-20km),0.967,-0.046,202512,202412
2282,Warners Bay,1.297,87661.0,5.258,139.3,85.64,1.63,Cooks Hill,0.0,Core (0-3km),1.47,-0.173,202512,202412
2283,Toronto,0.729,65653.0,3.157,116.31,84.55,1.38,Cooks Hill,7.7,Secondary (5-10km),0.733,-0.004,202512,202412
2284,Speers Point,0.853,40097.0,3.918,106.3,69.44,1.53,Cooks Hill,2.94,Core (0-3km),0.936,-0.083,202512,202412
2285,Cameron Park,0.898,105929.0,3.474,120.87,73.16,1.65,Cooks Hill,4.38,Primary (3-5km),0.955,-0.057,202512,202412
2286,West Wallsend,0.497,9007.0,2.689,90.61,58.93,1.54,Cooks Hill,9.99,Secondary (5-10km),0.579,-0.082,202512,202412
2287,Wallsend,0.966,134973.0,4.788,90.93,57.52,1.58,Cooks Hill,6.86,Secondary (5-10km),1.038,-0.072,202512,202412
2289,Adamstown Heights,3.51,285122.0,13.065,144.96,71.29,2.03,Cooks Hill,6.1,Secondary (5-10km),3.587,-0.077,202512,202412
2290,Charlestown (NSW),2.628,309636.0,9.027,138.97,84.75,1.64,Cooks Hill,4.63,Primary (3-5km),2.561,0.067,202512,202412
2291,Merewether,9.412,544766.0,28.503,179.15,73.71,2.43,Cooks Hill,9.89,Secondary (5-10km),8.974,0.438,202512,202412
2292,Broadmeadow,3.127,23786.0,11.19,108.1,57.99,1.86,Cooks Hill,10.24,Extended (10-20km),4.58,-1.453,202512,202412
2293,Wickham (NSW),6.098,77125.0,18.15,144.16,67.22,2.14,Cooks Hill,12.2,Extended (10-20km),7.085,-0.987,202512,202412
2294,Carrington (Newcastle - NSW),5.067,34532.0,14.189,145.77,81.86,1.78,Cooks Hill,12.87,Extended (10-20km),5.056,0.011,202512,202412
2295,Fern Bay,2.27,63367.0,7.924,133.19,87.47,1.52,Cooks Hill,17.23,Extended (10-20km),2.204,0.066,202512,202412
2296,Islington,6.628,48469.0,18.527,149.48,84.95,1.76,Cooks Hill,11.61,Extended (10-20km),6.67,-0.042,202512,202412
2297,Tighes Hill,5.565,39794.0,16.297,147.73,78.11,1.89,Cooks Hill,12.31,Extended (10-20km),5.874,-0.309,202512,202412
2298,Waratah (NSW),1.991,59766.0,7.814,100.22,54.13,1.85,Cooks Hill,10.56,Extended (10-20km),2.176,-0.185,202512,202412
2299,Lambton,2.466,92666.0,6.766,136.63,66.16,2.07,Cooks Hill,8.84,Secondary (5-10km),2.118,0.348,202512,202412
2300,Newcastle,14.013,715516.0,37.721,175.7,54.61,3.22,Cooks Hill,13.04,Extended (10-20km),13.363,0.65,202512,202412
2302,Newcastle West,4.786,26702.0,19.072,110.43,60.9,1.81,Cooks Hill,11.75,Extended (10-20km),4.638,0.148,202512,202412
2303,Hamilton (NSW),6.736,236644.0,19.154,163.52,73.01,2.24,Cooks Hill,11.23,Extended (10-20km),6.549,0.187,202512,202412
2304,Mayfield (Newcastle - NSW),2.389,124612.0,8.179,124.44,58.38,2.13,Cooks Hill,12.63,Extended (10-20km),2.422,-0.033,202512,202412
2305,New Lambton,4.203,221838.0,12.639,188.79,98.58,1.92,Cooks Hill,7.41,Secondary (5-10km),4.123,0.08,202512,202412
2306,Windale,0.267,2393.0,1.484,63.54,52.13,1.22,Cooks Hill,3.87,Primary (3-5km),0.28,-0.013,202512,202412
2307,Shortland,0.782,9567.0,3.128,86.46,54.24,1.59,Cooks Hill,11.45,Extended (10-20km),0.984,-0.202,202512,202412
2308,Callaghan,,,,,,,Cooks Hill,10.72,Extended (10-20km),1.504,,202512,202412
2311,Gresford,,,,,,,Cooks Hill,69.79,No Presence (20km+),,,202512,202412
2312,Nabiac,,,,,,,Cooks Hill,116.33,No Presence (20km+),,,202512,202412
2315,Nelson Bay (NSW),0.642,42791.0,2.606,136.67,98.15,1.39,Cooks Hill,54.43,No Presence (20km+),0.632,0.01,202512,202412
2316,Anna Bay,0.383,10777.0,1.833,118.95,61.73,1.93,Cooks Hill,45.7,No Presence (20km+),0.455,-0.072,202512,202412
2317,Salamander Bay,0.887,23875.0,3.341,140.37,92.49,1.52,Cooks Hill,49.25,No Presence (20km+),0.824,0.063,202512,202412
2318,Medowie,0.763,45777.0,3.206,133.01,92.6,1.44,Cooks Hill,31.45,No Presence (20km+),0.608,0.155,202512,202412
2319,Tanilba Bay,0.359,9222.0,1.314,132.44,132.1,1.0,Cooks Hill,43.61,No Presence (20km+),0.432,-0.073,202512,202412
2320,Rutherford,0.586,85492.0,2.101,144.32,111.41,1.3,Cooks Hill,30.22,No Presence (20km+),0.395,0.191,202512,202412
2321,Gillieston Heights,0.485,41441.0,1.563,163.04,109.07,1.49,Cooks Hill,32.64,No Presence (20km+),0.361,0.124,202512,202412
2322,Thornton (NSW),0.559,48970.0,1.962,128.94,89.01,1.45,Cooks Hill,17.33,Extended (10-20km),0.623,-0.064,202512,202412
2323,East Maitland,0.451,39282.0,2.323,93.43,68.95,1.35,Cooks Hill,50.83,No Presence (20km+),0.41,0.041,202512,202412
2324,Raymond Terrace,0.486,46977.0,1.697,141.29,98.36,1.44,Cooks Hill,26.42,No Presence (20km+),0.579,-0.093,202512,202412
2325,Cessnock,0.493,56764.0,1.57,154.91,96.04,1.61,Cooks Hill,44.04,No Presence (20km+),0.461,0.032,202512,202412
2326,Weston (NSW),,,,,,,Cooks Hill,27.13,No Presence (20km+),,,202512,202412
2327,Kurri Kurri,,,,,,,Cooks Hill,22.28,No Presence (20km+),0.243,,202512,202412
2328,Denman,,,,,,,Cooks Hill,117.79,No Presence (20km+),0.377,,202512,202412
2329,Merriwa (NSW),,,,,,,Orange,160.58,No Presence (20km+),,,202512,202412
2330,Singleton (NSW),0.408,32354.0,1.553,136.37,101.25,1.35,Cooks Hill,63.86,No Presence (20km+),0.365,0.043,202512,202412
2333,Muswellbrook,0.225,10477.0,0.969,116.9,92.93,1.26,Cooks Hill,114.11,No Presence (20km+),0.31,-0.085,202512,202412
2334,Greta (NSW),0.353,5325.0,1.505,122.66,104.21,1.18,Cooks Hill,40.83,No Presence (20km+),,,202512,202412
2335,North Rothbury,0.358,16819.0,1.894,117.18,93.04,1.26,Cooks Hill,40.91,No Presence (20km+),0.393,-0.035,202512,202412
2336,Aberdeen (NSW),0.419,4618.0,1.672,126.92,117.85,1.08,Cooks Hill,112.21,No Presence (20km+),0.337,0.082,202512,202412
2337,Scone,0.163,5162.0,1.229,78.96,65.63,1.2,Cooks Hill,128.4,No Presence (20km+),0.291,-0.128,202512,202412
2338,Murrurundi,,,,,,,Cooks Hill,152.34,No Presence (20km+),,,202512,202412
2339,Willow Tree,,,,,,,Cooks Hill,171.47,No Presence (20km+),,,202512,202412
2340,North Tamworth,0.121,22871.0,0.672,86.32,70.41,1.23,Cooks Hill,204.65,No Presence (20km+),0.097,0.024,202512,202412
2341,Werris Creek,,,,,,,Cooks Hill,203.69,No Presence (20km+),,,202512,202412
2342,Currabubula,,,,,,,Cooks Hill,216.5,No Presence (20km+),,,202512,202412
2343,Quirindi,0.331,7096.0,1.085,165.7,132.57,1.25,Cooks Hill,200.79,No Presence (20km+),0.246,0.085,202512,202412
2345,Attunga,,,,,,,Cooks Hill,242.59,No Presence (20km+),,,202512,202412
2347,Barraba,,,,,,,Cooks Hill,316.96,No Presence (20km+),,,202512,202412
2350,Armidale,0.11,8972.0,0.504,91.96,87.15,1.06,Cooks Hill,280.06,No Presence (20km+),0.156,-0.046,202512,202412
2353,Moonbi,,,,,,,Cooks Hill,224.28,No Presence (20km+),,,202512,202412
2354,Walcha,,,,,,,Cooks Hill,215.42,No Presence (20km+),,,202512,202412
2355,Bendemeer,,,,,,,Cooks Hill,253.29,No Presence (20km+),,,202512,202412
2357,Coonabarabran,,,,,,,Orange,228.09,No Presence (20km+),,,202512,202412
2358,Uralla (NSW),,,,,,,Cooks Hill,268.62,No Presence (20km+),,,202512,202412
2360,Inverell,,,,,,,Isle of Capri,289.3,No Presence (20km+),,,202512,202412
2361,Ashford (NSW),,,,,,,Isle of Capri,257.18,No Presence (20km+),,,202512,202412
2365,Guyra,,,,,,,Cooks Hill,301.84,No Presence (20km+),,,202512,202412
2369,Tingha,,,,,,,Isle of Capri,308.39,No Presence (20km+),,,202512,202412
2370,Glen Innes,,,,,,,Isle of Capri,243.03,No Presence (20km+),,,202512,202412
2372,Tenterfield,,,,,,,Isle of Capri,178.34,No Presence (20km+),,,202512,202412
2379,Goolhi,,,,,,,Orange,251.51,No Presence (20km+),,,202512,202412
2380,Gunnedah,,,,,,,Orange,263.16,No Presence (20km+),0.107,,202512,202412
2381,Curlewis (NSW),,,,,,,Cooks Hill,235.98,No Presence (20km+),,,202512,202412
2388,Wee Waa,,,,,,,Orange,315.18,No Presence (20km+),,,202512,202412
2390,Narrabri,,,,,,,Cooks Hill,341.43,No Presence (20km+),,,202512,202412
2396,Baradine,,,,,,,Orange,265.18,No Presence (20km+),,,202512,202412
2398,Gurley,,,,,,,Cooks Hill,400.78,No Presence (20km+),,,202512,202412
2400,Moree,0.158,5024.0,0.729,111.89,99.42,1.13,Cooks Hill,392.82,No Presence (20km+),0.134,0.024,202512,202412
2402,Warialda,,,,,,,Isle of Capri,319.94,No Presence (20km+),,,202512,202412
2403,Delungra,,,,,,,Isle of Capri,317.63,No Presence (20km+),,,202512,202412
2404,Bingara,,,,,,,Isle of Capri,353.35,No Presence (20km+),,,202512,202412
2405,Garah,,,,,,,West End,370.72,No Presence (20km+),,,202512,202412
2408,North Star,,,,,,,West End,301.32,No Presence (20km+),,,202512,202412
2415,Upper Karuah River,,,,,,,Cooks Hill,76.42,No Presence (20km+),,,202512,202412
2420,Dungog,0.467,10202.0,1.505,191.36,133.8,1.43,Cooks Hill,59.66,No Presence (20km+),0.634,-0.167,202512,202412
2421,Vacy,0.345,2887.0,2.7,71.71,69.19,1.04,Cooks Hill,61.37,No Presence (20km+),1.123,-0.778,202512,202412
2422,Gloucester,0.288,7632.0,1.597,104.95,83.66,1.25,Cooks Hill,136.99,No Presence (20km+),0.302,-0.014,202512,202412
2423,Bulahdelah,0.37,4873.0,2.051,86.49,63.88,1.35,Cooks Hill,92.93,No Presence (20km+),,,202512,202412
2424,Mount George (NSW),,,,,,,Cooks Hill,139.33,No Presence (20km+),,,202512,202412
2425,Stroud,1.261,7776.0,2.642,227.21,192.58,1.18,Cooks Hill,63.58,No Presence (20km+),,,202512,202412
2426,Coopernook,,,,,,,Cooks Hill,157.41,No Presence (20km+),,,202512,202412
2427,Harrington,,,,,,,Cooks Hill,158.67,No Presence (20km+),,,202512,202412
2428,Forster (NSW),0.371,34618.0,1.502,115.8,75.1,1.54,Cooks Hill,110.88,No Presence (20km+),0.205,0.166,202512,202412
2429,Wingham,0.257,9226.0,0.986,129.32,129.32,1.0,Cooks Hill,151.85,No Presence (20km+),0.133,0.124,202512,202412
2430,Taree,0.257,31869.0,0.909,128.37,70.26,1.83,Cooks Hill,157.71,No Presence (20km+),0.187,0.07,202512,202412
2431,South West Rocks,,,,,,,Cooks Hill,266.29,No Presence (20km+),,,202512,202412
2439,Kew (NSW),,,,,,,Cooks Hill,179.08,No Presence (20km+),,,202512,202412
2440,West Kempsey,0.042,3179.0,0.387,48.45,45.76,1.06,Cooks Hill,242.21,No Presence (20km+),0.106,-0.064,202512,202412
2441,Kundabung,,,,,,,Cooks Hill,242.75,No Presence (20km+),,,202512,202412
2443,Laurieton,,,,,,,Cooks Hill,173.87,No Presence (20km+),0.078,,202512,202412
2444,Port Macquarie,0.128,24340.0,0.758,80.38,59.41,1.35,Cooks Hill,185.48,No Presence (20km+),0.107,0.021,202512,202412
2445,Lake Cathie,0.14,4367.0,0.995,73.92,53.4,1.38,Cooks Hill,192.6,No Presence (20km+),0.057,0.083,202512,202412
2446,Wauchope,0.048,2819.0,0.376,64.64,39.96,1.62,Cooks Hill,194.2,No Presence (20km+),0.032,0.016,202512,202412
2447,Macksville,,,,,,,Cooks Hill,273.41,No Presence (20km+),,,202512,202412
2448,Nambucca Heads,0.09,3556.0,0.734,62.09,39.91,1.56,Cooks Hill,292.24,No Presence (20km+),0.046,0.044,202512,202412
2449,Bowraville,,,,,,,Cooks Hill,282.64,No Presence (20km+),,,202512,202412
2450,Coffs Harbour,0.153,26343.0,0.586,124.56,86.39,1.44,Isle of Capri,269.47,No Presence (20km+),0.107,0.046,202512,202412
2452,Toormina,0.059,3556.0,0.599,53.24,41.19,1.29,Isle of Capri,276.82,No Presence (20km+),0.089,-0.03,202512,202412
2453,Dorrigo,,,,,,,Isle of Capri,275.68,No Presence (20km+),,,202512,202412
2454,Bellingen,0.274,8294.0,1.363,103.67,65.56,1.58,Isle of Capri,289.91,No Presence (20km+),0.268,0.006,202512,202412
2455,Urunga,,,,,,,Isle of Capri,293.26,No Presence (20km+),,,202512,202412
2456,Woolgoolga,0.073,4750.0,0.649,55.3,44.26,1.25,Isle of Capri,245.16,No Presence (20km+),0.068,0.005,202512,202412
2460,Grafton,,,,,,,Isle of Capri,196.65,No Presence (20km+),0.023,,202512,202412
2463,Maclean,,,,,,,Isle of Capri,179.13,No Presence (20km+),0.104,,202512,202412
2464,Yamba (NSW),0.083,2427.0,0.802,49.39,47.98,1.03,Isle of Capri,176.75,No Presence (20km+),0.138,-0.055,202512,202412
2466,Iluka (NSW),,,,,,,Isle of Capri,169.55,No Presence (20km+),,,202512,202412
2469,Woombah,,,,,,,Isle of Capri,135.24,No Presence (20km+),,,202512,202412
2470,Casino,,,,,,,Isle of Capri,114.91,No Presence (20km+),,,202512,202412
2473,Evans Head,,,,,,,Isle of Capri,137.46,No Presence (20km+),,,202512,202412
2474,Kyogle,,,,,,,Isle of Capri,88.39,No Presence (20km+),,,202512,202412
2477,Alstonville,0.095,4810.0,0.456,102.77,53.23,1.93,Isle of Capri,112.98,No Presence (20km+),0.109,-0.014,202512,202412
2478,Ballina,0.135,16373.0,0.817,80.93,45.51,1.78,Isle of Capri,110.68,No Presence (20km+),0.173,-0.038,202512,202412
2479,Bangalow,0.444,9117.0,2.187,100.61,68.66,1.47,Isle of Capri,93.51,No Presence (20km+),0.338,0.106,202512,202412
2480,Goonellabah,0.082,12018.0,0.617,59.6,46.43,1.28,Isle of Capri,97.38,No Presence (20km+),0.082,0.0,202512,202412
2481,Byron Bay,0.302,14165.0,1.756,75.1,50.72,1.48,Isle of Capri,89.08,No Presence (20km+),0.294,0.008,202512,202412
2482,Mullumbimby,0.281,8216.0,1.065,131.25,72.9,1.8,Isle of Capri,75.74,No Presence (20km+),0.233,0.048,202512,202412
2483,Ocean Shores,0.174,7545.0,1.017,81.47,62.8,1.3,Isle of Capri,68.49,No Presence (20km+),0.34,-0.166,202512,202412
2484,Murwillumbah,0.101,7378.0,0.587,83.34,60.1,1.39,Isle of Capri,54.89,No Presence (20km+),0.1,0.001,202512,202412
2485,Tweed Heads,0.154,7196.0,0.708,83.37,58.52,1.42,Isle of Capri,38.13,No Presence (20km+),0.101,0.053,202512,202412
2486,Banora Point,0.074,8252.0,0.5,66.99,58.78,1.14,Isle of Capri,39.79,No Presence (20km+),0.102,-0.028,202512,202412
2487,Kingscliff,0.213,12701.0,0.919,123.14,90.25,1.36,Isle of Capri,47.78,No Presence (20km+),0.29,-0.077,202512,202412
2488,Bogangar,,,,,,,Isle of Capri,54.62,No Presence (20km+),,,202512,202412
2489,Pottsville,0.23,6242.0,0.905,124.33,81.98,1.52,Isle of Capri,59.6,No Presence (20km+),0.097,0.133,202512,202412
2490,Tumbulgum,,,,,,,Isle of Capri,44.9,No Presence (20km+),,,202512,202412
2500,Wollongong,0.255,34517.0,1.222,76.76,51.74,1.48,Bowral,31.99,No Presence (20km+),0.22,0.035,202512,202412
2502,Warrawong,0.073,2391.0,0.263,95.13,52.11,1.83,Bowral,45.13,No Presence (20km+),0.097,-0.024,202512,202412
2505,Port Kembla,,,,,,,Bowral,46.98,No Presence (20km+),,,202512,202412
2506,Berkeley,0.058,1087.0,0.676,38.35,38.35,1.0,Bowral,42.78,No Presence (20km+),,,202512,202412
2508,Helensburgh,0.799,28135.0,4.425,98.57,66.93,1.47,Miranda,29.28,No Presence (20km+),0.109,0.69,202512,202412
2515,Thirroul,0.664,31045.0,2.586,140.93,90.46,1.56,Miranda,38.59,No Presence (20km+),0.554,0.11,202512,202412
2516,Bulli,0.146,3813.0,1.61,46.9,31.5,1.49,Miranda,45.12,No Presence (20km+),0.106,0.04,202512,202412
2517,Woonona,0.142,6953.0,1.078,66.36,41.24,1.61,Miranda,46.89,No Presence (20km+),0.068,0.074,202512,202412
2518,Corrimal,0.104,6621.0,0.486,93.22,83.18,1.12,Bowral,47.01,No Presence (20km+),0.081,0.023,202512,202412
2519,Fairy Meadow,0.257,15049.0,1.439,77.85,54.27,1.43,Bowral,45.02,No Presence (20km+),0.324,-0.067,202512,202412
2525,Figtree,0.135,5359.0,0.838,73.9,53.07,1.39,Bowral,42.75,No Presence (20km+),0.06,0.075,202512,202412
2526,Unanderra,0.173,9548.0,0.806,98.13,62.41,1.57,Bowral,39.65,No Presence (20km+),0.105,0.068,202512,202412
2527,Albion Park,0.092,9628.0,0.517,88.37,61.49,1.44,Bowral,38.18,No Presence (20km+),0.044,0.048,202512,202412
2528,Warilla,0.032,2348.0,0.449,29.97,27.6,1.09,Bowral,45.64,No Presence (20km+),0.09,-0.058,202512,202412
2529,Shell Cove,0.141,15239.0,0.844,81.47,63.21,1.29,Bowral,45.78,No Presence (20km+),0.11,0.031,202512,202412
2530,Dapto,0.054,6358.0,0.465,52.54,45.24,1.16,Bowral,37.03,No Presence (20km+),0.051,0.003,202512,202412
2533,Kiama,0.564,38477.0,2.249,135.43,94.94,1.43,Bowral,48.69,No Presence (20km+),0.485,0.079,202512,202412
2534,Gerringong,0.765,19094.0,2.744,161.53,92.34,1.75,Bowral,52.9,No Presence (20km+),0.723,0.042,202512,202412
2535,Berry,0.761,28725.0,2.255,203.1,119.35,1.7,Bowral,49.55,No Presence (20km+),0.459,0.302,202512,202412
2536,Catalina,0.166,13488.0,0.765,113.86,72.35,1.57,Majura Park,101.08,No Presence (20km+),0.127,0.039,202512,202412
2537,Moruya,0.074,4019.0,0.479,82.6,63.44,1.3,Majura Park,110.88,No Presence (20km+),0.199,-0.125,202512,202412
2538,Milton (NSW),0.458,4384.0,2.727,100.81,75.21,1.34,Bowral,85.42,No Presence (20km+),0.354,0.104,202512,202412
2539,Ulladulla,0.323,29326.0,1.562,115.53,67.26,1.72,Bowral,94.85,No Presence (20km+),0.193,0.13,202512,202412
2540,Sanctuary Point,0.15,26261.0,0.824,90.68,69.93,1.3,Bowral,69.17,No Presence (20km+),0.206,-0.056,202512,202412
2541,Nowra,0.105,9644.0,0.462,95.88,83.55,1.15,Bowral,55.41,No Presence (20km+),0.085,0.02,202512,202412
2545,Bodalla,,,,,,,Majura Park,110.42,No Presence (20km+),,,202512,202412
2546,Narooma,0.143,6644.0,0.664,124.09,81.58,1.52,Majura Park,140.02,No Presence (20km+),0.227,-0.084,202512,202412
2548,Merimbula,0.108,4419.0,0.905,67.7,56.61,1.2,Majura Park,186.52,No Presence (20km+),0.048,0.06,202512,202412
2549,Millingandi,,,,,,,Majura Park,192.99,No Presence (20km+),,,202512,202412
2550,Bega,0.152,10895.0,1.181,70.86,62.9,1.13,Majura Park,151.34,No Presence (20km+),0.202,-0.05,202512,202412
2551,Eden,,,,,,,Majura Park,216.37,No Presence (20km+),,,202512,202412
2556,Bringelly,,,,,,,Miranda,37.61,No Presence (20km+),,,202512,202412
2557,Gregory Hills,0.176,10381.0,0.664,96.83,76.15,1.27,Miranda,33.45,No Presence (20km+),0.164,0.012,202512,202412
2558,Eagle Vale,0.101,2772.0,0.522,70.26,47.36,1.48,Miranda,30.93,No Presence (20km+),0.058,0.043,202512,202412
2559,Claymore,,,,,,,Miranda,31.96,No Presence (20km+),,,202512,202412
2560,Campbelltown (NSW),0.069,14312.0,0.456,52.75,41.88,1.26,Miranda,32.55,No Presence (20km+),0.082,-0.013,202512,202412
2563,Menangle Park,,,,,,,Miranda,38.34,No Presence (20km+),,,202512,202412
2564,Macquarie Fields,0.075,2191.0,0.329,68.21,33.21,2.05,Miranda,22.43,No Presence (20km+),0.105,-0.03,202512,202412
2565,Ingleburn,0.123,9709.0,0.667,57.59,45.35,1.27,Miranda,25.48,No Presence (20km+),0.126,-0.003,202512,202412
2566,Minto,0.118,7051.0,0.494,75.08,60.48,1.24,Miranda,28.12,No Presence (20km+),0.09,0.028,202512,202412
2567,Harrington Park,0.092,12387.0,0.59,72.92,54.82,1.33,Miranda,36.41,No Presence (20km+),0.126,-0.034,202512,202412
2568,Menangle,,,,,,,Miranda,40.33,No Presence (20km+),,,202512,202412
2569,Douglas Park,,,,,,,Bowral,38.06,No Presence (20km+),,,202512,202412
2570,Oran Park,0.128,29738.0,0.719,84.38,55.29,1.53,Bowral,30.83,No Presence (20km+),0.103,0.025,202512,202412
2571,Picton (NSW),0.475,25246.0,2.071,123.07,77.53,1.59,Bowral,26.33,No Presence (20km+),0.648,-0.173,202512,202412
2572,Thirlmere,0.668,15207.0,1.823,192.58,118.76,1.62,Bowral,28.12,No Presence (20km+),0.3,0.368,202512,202412
2573,Tahmoor,0.232,6011.0,1.387,85.21,58.0,1.47,Bowral,27.16,No Presence (20km+),0.3,-0.068,202512,202412
2574,Bargo,0.577,13635.0,2.639,121.08,93.7,1.29,Bowral,22.67,No Presence (20km+),0.612,-0.035,202512,202412
2575,Mittagong,5.716,396804.0,17.273,173.68,84.42,2.06,Bowral,0.0,Core (0-3km),5.312,0.404,202512,202412
2576,Bowral,13.774,968172.0,39.455,235.72,76.31,3.09,Bowral,16.09,Extended (10-20km),13.103,0.671,202512,202412
2577,Moss Vale,7.836,549863.0,20.139,220.24,98.62,2.23,Bowral,29.19,No Presence (20km+),6.878,0.958,202512,202412
2578,Bundanoon (NSW),8.65,120782.0,22.366,229.04,108.36,2.11,Bowral,29.7,No Presence (20km+),8.715,-0.065,202512,202412
2579,Marulan,5.253,106053.0,15.904,199.71,109.62,1.82,Bowral,32.39,No Presence (20km+),4.596,0.657,202512,202412
2580,Goulburn,0.69,77112.0,2.717,121.96,86.49,1.41,Bowral,69.5,No Presence (20km+),0.771,-0.081,202512,202412
2581,Bellmount Forest,2.168,19496.0,7.587,165.69,95.74,1.73,Majura Park,61.2,No Presence (20km+),1.549,0.619,202512,202412
2582,Yass,0.589,34904.0,2.475,139.46,94.39,1.48,Majura Park,66.57,No Presence (20km+),0.599,-0.01,202512,202412
2583,Crookwell,0.59,16321.0,1.981,170.4,138.88,1.23,Bowral,96.2,No Presence (20km+),0.626,-0.036,202512,202412
2584,Binalong,,,,,,,Majura Park,84.26,No Presence (20km+),,,202512,202412
2585,Galong,,,,,,,Majura Park,95.19,No Presence (20km+),,,202512,202412
2586,Boorowa,0.612,5815.0,2.056,166.06,163.0,1.02,Orange,114.42,No Presence (20km+),,,202512,202412
2587,Harden,0.718,7160.0,1.946,152.58,119.57,1.28,Majura Park,111.51,No Presence (20km+),0.561,0.157,202512,202412
2590,Cootamundra,0.169,5484.0,0.758,131.41,112.43,1.17,Majura Park,130.65,No Presence (20km+),0.136,0.033,202512,202412
2594,Young,0.149,6181.0,0.895,84.16,71.85,1.17,Orange,142.14,No Presence (20km+),0.091,0.058,202512,202412
2600,Yarralumla,3.273,104195.0,10.606,159.78,73.25,2.18,Majura Park,0.0,Core (0-3km),3.29,-0.017,202512,202412
2601,City,2.421,42672.0,6.384,118.85,59.39,2.0,Majura Park,3.17,Primary (3-5km),2.72,-0.299,202512,202412
2602,Watson,2.8,315685.0,8.578,133.23,79.32,1.68,Majura Park,6.47,Secondary (5-10km),2.445,0.355,202512,202412
2603,Griffith (ACT),3.1,106365.0,8.708,145.03,82.51,1.76,Majura Park,1.95,Core (0-3km),3.705,-0.605,202512,202412
2604,Narrabundah,3.098,95726.0,8.146,115.42,69.53,1.66,Majura Park,1.9,Core (0-3km),3.118,-0.02,202512,202412
2605,Curtin,1.95,76362.0,6.428,142.01,87.24,1.63,Majura Park,5.03,Secondary (5-10km),2.213,-0.263,202512,202412
2606,Phillip,1.397,54335.0,3.978,124.93,63.2,1.98,Majura Park,6.54,Secondary (5-10km),1.53,-0.133,202512,202412
2607,Mawson,1.314,65456.0,4.489,137.36,83.35,1.65,Majura Park,7.79,Secondary (5-10km),1.511,-0.197,202512,202412
2609,Symonston,,,,,,,Majura Park,4.19,Primary (3-5km),,,202512,202412
2611,Coombs,1.194,148604.0,4.875,103.32,65.06,1.59,Majura Park,13.59,Extended (10-20km),1.36,-0.166,202512,202412
2612,Braddon,4.702,296586.0,11.939,139.29,75.01,1.86,Majura Park,3.16,Primary (3-5km),4.438,0.264,202512,202412
2614,Page,1.05,71890.0,3.909,121.9,70.95,1.72,Majura Park,10.02,Extended (10-20km),1.004,0.046,202512,202412
2615,Macgregor (ACT),0.686,99510.0,3.036,95.93,66.96,1.43,Majura Park,14.29,Extended (10-20km),0.686,0.0,202512,202412
2617,Belconnen,0.909,95114.0,3.559,89.78,50.66,1.77,Majura Park,10.45,Extended (10-20km),1.094,-0.185,202512,202412
2618,Wallaroo (NSW),1.467,6088.0,6.879,103.97,71.69,1.45,Majura Park,21.01,No Presence (20km+),1.109,0.358,202512,202412
2619,Jerrabomberra,1.667,55455.0,8.087,114.05,74.76,1.53,Majura Park,10.36,Extended (10-20km),1.999,-0.332,202512,202412
2620,Karabar,1.86,300439.0,6.148,137.2,78.91,1.74,Majura Park,16.22,Extended (10-20km),1.616,0.244,202512,202412
2621,Bungendore,2.744,75086.0,9.352,191.46,106.56,1.8,Majura Park,26.14,No Presence (20km+),3.124,-0.38,202512,202412
2622,Braidwood,1.253,14336.0,3.468,166.24,122.38,1.36,Majura Park,62.13,No Presence (20km+),2.88,-1.627,202512,202412
2623,Captains Flat,,,,,,,Majura Park,42.04,No Presence (20km+),,,202512,202412
2625,Thredbo,,,,,,,Albury,126.91,No Presence (20km+),,,202512,202412
2626,Bredbo,,,,,,,Majura Park,64.6,No Presence (20km+),,,202512,202412
2627,Jindabyne,0.989,19336.0,4.307,117.69,87.22,1.35,Majura Park,140.12,No Presence (20km+),0.97,0.019,202512,202412
2628,Berridale,1.039,14539.0,3.501,171.33,103.59,1.65,Majura Park,124.34,No Presence (20km+),0.539,0.5,202512,202412
2629,Adaminaby,,,,,,,Majura Park,80.87,No Presence (20km+),,,202512,202412
2630,Cooma (NSW),0.603,24369.0,2.365,154.84,101.06,1.53,Majura Park,90.37,No Presence (20km+),0.512,0.091,202512,202412
2631,Nimmitabel,,,,,,,Majura Park,145.05,No Presence (20km+),,,202512,202412
2632,Bombala,,,,,,,Majura Park,176.6,No Presence (20km+),,,202512,202412
2633,Delegate,,,,,,,Majura Park,184.88,No Presence (20km+),,,202512,202412
2640,Thurgoona,6.979,1079457.0,22.993,154.0,70.07,2.2,Albury,0.0,Core (0-3km),8.243,-1.264,202512,202412
2641,Lavington,3.547,177621.0,13.255,110.36,61.1,1.81,Albury,8.45,Secondary (5-10km),3.843,-0.296,202512,202412
2642,Jindera,3.77,80962.0,13.248,159.84,101.89,1.57,Albury,31.18,No Presence (20km+),5.48,-1.71,202512,202412
2643,Howlong,1.74,19140.0,7.96,112.61,83.27,1.35,Albury,35.65,No Presence (20km+),2.373,-0.633,202512,202412
2644,Holbrook,4.951,47360.0,17.461,171.08,105.91,1.62,Albury,39.27,No Presence (20km+),6.245,-1.294,202512,202412
2645,Urana,,,,,,,Albury,102.13,No Presence (20km+),,,202512,202412
2646,Corowa,1.047,28185.0,4.649,127.89,107.78,1.19,Albury,67.4,No Presence (20km+),1.417,-0.37,202512,202412
2647,Mulwala,0.541,6711.0,1.99,127.0,108.8,1.17,Albury,91.92,No Presence (20km+),1.15,-0.609,202512,202412
2648,Wentworth (NSW),,,,,,,Albury,522.4,No Presence (20km+),,,202512,202412
2650,Wagga Wagga,0.318,59527.0,1.102,128.7,103.15,1.25,Albury,99.05,No Presence (20km+),0.267,0.051,202512,202412
2651,Forest Hill (NSW),,,,,,,Albury,104.64,No Presence (20km+),,,202512,202412
2652,Grong Grong,0.415,6957.0,1.324,166.59,139.33,1.2,Albury,129.44,No Presence (20km+),0.636,-0.221,202512,202412
2653,Tumbarumba,,,,,,,Albury,94.55,No Presence (20km+),,,202512,202412
2655,The Rock,,,,,,,Albury,83.64,No Presence (20km+),1.411,,202512,202412
2656,Lockhart,,,,,,,Albury,80.57,No Presence (20km+),,,202512,202412
2658,Henty (NSW),1.548,9501.0,5.048,152.85,91.55,1.67,Albury,57.88,No Presence (20km+),3.419,-1.871,202512,202412
2659,Walla Walla,2.41,9964.0,13.001,99.14,70.79,1.4,Albury,30.62,No Presence (20km+),4.308,-1.898,202512,202412
2660,Culcairn,2.819,9318.0,10.732,111.27,93.58,1.19,Albury,39.7,No Presence (20km+),4.094,-1.275,202512,202412
2661,Kapooka,,,,,,,Albury,98.57,No Presence (20km+),,,202512,202412
2663,Junee,0.273,7258.0,1.071,142.05,116.03,1.22,Albury,130.62,No Presence (20km+),,,202512,202412
2665,Ariah Park,,,,,,,Albury,184.9,No Presence (20km+),,,202512,202412
2666,Temora,,,,,,,Majura Park,173.15,No Presence (20km+),,,202512,202412
2668,Barmedman,,,,,,,Orange,192.88,No Presence (20km+),,,202512,202412
2669,Weethalle,,,,,,,Orange,242.57,No Presence (20km+),,,202512,202412
2671,West Wyalong,0.461,3371.0,1.377,97.07,74.76,1.3,Orange,198.3,No Presence (20km+),,,202512,202412
2672,Lake Cargelligo,,,,,,,Orange,259.52,No Presence (20km+),,,202512,202412
2675,Hillston,,,,,,,Albury,329.27,No Presence (20km+),,,202512,202412
2680,Griffith (NSW),0.141,9002.0,0.677,78.36,60.09,1.3,Albury,209.47,No Presence (20km+),0.227,-0.086,202512,202412
2681,Yenda (NSW),,,,,,,Albury,210.88,No Presence (20km+),,,202512,202412
2700,Narrandera,,,,,,,Albury,141.36,No Presence (20km+),,,202512,202412
2701,Coolamon,,,,,,,Albury,141.02,No Presence (20km+),,,202512,202412
2703,Yanco,,,,,,,Albury,167.49,No Presence (20km+),,,202512,202412
2705,Leeton,0.216,8536.0,0.689,166.11,66.04,2.52,Albury,177.95,No Presence (20km+),0.144,0.072,202512,202412
2706,Darlington Point,,,,,,,Albury,186.14,No Presence (20km+),,,202512,202412
2710,Deniliquin,0.217,8295.0,1.148,99.21,95.43,1.04,Albury,200.74,No Presence (20km+),0.134,0.083,202512,202412
2711,Hay (NSW),,,,,,,Albury,293.42,No Presence (20km+),,,202512,202412
2712,Berrigan,,,,,,,Albury,113.65,No Presence (20km+),,,202512,202412
2713,Finley,0.188,2762.0,1.23,85.03,80.8,1.05,Albury,150.66,No Presence (20km+),,,202512,202412
2714,Tocumwal,,,,,,,Albury,148.69,No Presence (20km+),,,202512,202412
2716,Jerilderie,,,,,,,Albury,194.43,No Presence (20km+),,,202512,202412
2720,Tumut,0.114,3623.0,0.862,72.09,71.13,1.01,Majura Park,73.12,No Presence (20km+),,,202512,202412
2722,Gundagai,,,,,,,Majura Park,86.5,No Presence (20km+),0.95,,202512,202412
2727,Coolac,,,,,,,Majura Park,85.41,No Presence (20km+),,,202512,202412
2729,Adelong,,,,,,,Majura Park,113.5,No Presence (20km+),,,202512,202412
2730,Batlow,,,,,,,Majura Park,78.15,No Presence (20km+),,,202512,202412
2731,Moama,,,,,,,Albury,212.9,No Presence (20km+),,,202512,202412
2732,Barham,,,,,,,Albury,253.87,No Presence (20km+),,,202512,202412
2734,Mellool,,,,,,,Albury,317.34,No Presence (20km+),,,202512,202412
2738,Gol Gol,,,,,,,Albury,468.6,No Presence (20km+),,,202512,202412
2745,Glenmore Park,0.09,9886.0,0.597,73.84,59.08,1.25,Dural,45.02,No Presence (20km+),0.14,-0.05,202512,202412
2747,Jordan Springs,0.079,12537.0,0.509,61.54,46.39,1.33,Dural,36.8,No Presence (20km+),0.041,0.038,202512,202412
2748,Orchard Hills,,,,,,,Dural,39.56,No Presence (20km+),,,202512,202412
2749,Cranebrook,0.064,3596.0,0.43,71.09,59.46,1.2,Dural,41.51,No Presence (20km+),0.052,0.012,202512,202412
2750,Penrith,0.179,27653.0,0.677,109.54,68.21,1.61,Dural,43.0,No Presence (20km+),0.106,0.073,202512,202412
2752,Silverdale (NSW),0.112,2842.0,0.639,93.77,58.77,1.6,Miranda,49.62,No Presence (20km+),,,202512,202412
2753,Richmond (NSW),0.212,13602.0,0.964,104.71,61.87,1.69,Dural,43.34,No Presence (20km+),0.14,0.072,202512,202412
2754,North Richmond,0.202,5514.0,0.901,111.2,96.4,1.15,Dural,44.89,No Presence (20km+),0.147,0.055,202512,202412
2756,South Windsor,0.387,45909.0,1.419,136.51,87.85,1.55,Dural,38.56,No Presence (20km+),0.09,0.297,202512,202412
2757,Kurmond,,,,,,,Dural,46.74,No Presence (20km+),,,202512,202412
2758,Kurrajong,0.413,14660.0,2.059,115.98,69.2,1.68,Dural,55.54,No Presence (20km+),0.202,0.211,202512,202412
2759,St Clair (Penrith - NSW),0.112,8440.0,0.449,101.38,65.5,1.55,Dural,32.49,No Presence (20km+),0.055,0.057,202512,202412
2760,St Marys (NSW),0.102,8765.0,0.565,57.94,39.93,1.45,Dural,31.97,No Presence (20km+),0.097,0.005,202512,202412
2761,Plumpton (NSW),0.124,8586.0,0.54,68.27,46.6,1.47,Dural,27.08,No Presence (20km+),0.087,0.037,202512,202412
2762,Schofields,0.243,17224.0,1.164,64.14,44.57,1.44,Dural,25.42,No Presence (20km+),0.14,0.103,202512,202412
2763,Quakers Hill,0.293,23845.0,1.118,90.6,60.14,1.51,Dural,22.13,No Presence (20km+),0.118,0.175,202512,202412
2765,Marsden Park,0.524,92265.0,1.844,100.37,65.1,1.54,Dural,27.81,No Presence (20km+),0.142,0.382,202512,202412
2766,Rooty Hill,0.135,4305.0,0.443,82.09,50.8,1.62,Dural,27.06,No Presence (20km+),0.084,0.051,202512,202412
2767,Doonside,0.157,7079.0,0.566,75.86,52.59,1.44,Dural,24.6,No Presence (20km+),0.063,0.094,202512,202412
2768,Glenwood (NSW),0.506,33123.0,1.534,108.5,64.56,1.68,Dural,19.85,Extended (10-20km),0.242,0.264,202512,202412
2769,The Ponds,0.41,15120.0,1.276,111.7,84.5,1.32,Dural,21.78,No Presence (20km+),0.169,0.241,202512,202412
2770,Mount Druitt,0.059,7052.0,0.284,60.2,44.58,1.35,Dural,30.25,No Presence (20km+),0.028,0.031,202512,202412
2773,Glenbrook,0.422,8640.0,2.366,92.07,58.89,1.56,Dural,47.3,No Presence (20km+),0.335,0.087,202512,202412
2774,Blaxland (NSW),0.199,9668.0,1.094,95.23,67.93,1.4,Dural,48.68,No Presence (20km+),0.101,0.098,202512,202412
2775,Gunderman,1.777,10267.0,9.912,97.32,83.25,1.17,Erina,25.17,No Presence (20km+),2.49,-0.713,202512,202412
2776,Faulconbridge,,,,,,,Dural,56.22,No Presence (20km+),0.221,,202512,202412
2777,Springwood (NSW),0.251,17462.0,1.151,115.51,72.59,1.59,Dural,49.97,No Presence (20km+),0.201,0.05,202512,202412
2778,Woodford (NSW),,,,,,,Dural,59.83,No Presence (20km+),,,202512,202412
2779,Hazelbrook,0.443,5759.0,1.894,100.2,78.03,1.28,Dural,62.9,No Presence (20km+),0.223,0.22,202512,202412
2780,Katoomba,0.463,24259.0,2.55,89.23,56.37,1.58,Dural,77.07,No Presence (20km+),0.462,0.001,202512,202412
2782,Wentworth Falls,0.53,13382.0,2.75,102.71,68.1,1.51,Dural,70.67,No Presence (20km+),0.37,0.16,202512,202412
2783,Lawson (NSW),,,,,,,Dural,65.57,No Presence (20km+),0.372,,202512,202412
2784,Bullaburra,,,,,,,Dural,66.63,No Presence (20km+),,,202512,202412
2785,Blackheath,0.323,6691.0,2.132,83.96,47.71,1.76,Bowral,79.66,No Presence (20km+),0.58,-0.257,202512,202412
2786,Mount Victoria,,,,,,,Dural,81.23,No Presence (20km+),,,202512,202412
2787,Oberon,0.221,4180.0,1.035,121.87,105.71,1.15,Bowral,80.44,No Presence (20km+),0.107,0.114,202512,202412
2790,Lithgow,0.112,5922.0,0.713,74.41,50.6,1.47,Orange,83.58,No Presence (20km+),0.058,0.054,202512,202412
2791,Panuara,12.523,19281.0,29.325,236.65,106.44,2.22,Orange,29.71,No Presence (20km+),10.54,1.983,202512,202412
2792,Mandurama,4.303,6122.0,15.371,124.4,82.3,1.51,Orange,38.27,No Presence (20km+),5.304,-1.001,202512,202412
2793,Woodstock (Cowra - NSW),,,,,,,Orange,63.39,No Presence (20km+),,,202512,202412
2794,Cowra,0.662,26218.0,2.514,134.36,102.9,1.31,Orange,80.76,No Presence (20km+),0.34,0.322,202512,202412
2795,Kelso (NSW),0.403,60309.0,1.814,102.0,69.41,1.47,Orange,39.99,No Presence (20km+),0.328,0.075,202512,202412
2797,Lyndhurst (Blayney - NSW),,,,,,,Orange,43.76,No Presence (20km+),,,202512,202412
2798,Millthorpe,7.81,45029.0,25.34,174.54,98.78,1.77,Orange,15.66,Extended (10-20km),7.363,0.447,202512,202412
2799,Blayney,3.836,37822.0,10.956,131.89,63.17,2.09,Orange,26.43,No Presence (20km+),4.04,-0.204,202512,202412
2800,Orange,8.197,1347463.0,29.793,134.34,60.74,2.21,Orange,0.0,Core (0-3km),7.891,0.306,202512,202412
2804,Canowindra,3.099,23658.0,10.041,126.25,92.81,1.36,Orange,60.99,No Presence (20km+),2.098,1.001,202512,202412
2805,Gooloogong,,,,,,,Orange,82.83,No Presence (20km+),,,202512,202412
2806,Eugowra,,,,,,,Orange,80.31,No Presence (20km+),,,202512,202412
2807,Koorawatha,,,,,,,Orange,100.07,No Presence (20km+),,,202512,202412
2809,Greenethorpe,,,,,,,Orange,106.74,No Presence (20km+),,,202512,202412
2810,Grenfell,,,,,,,Orange,130.96,No Presence (20km+),0.444,,202512,202412
2818,Geurie,,,,,,,Orange,109.91,No Presence (20km+),,,202512,202412
2820,Wellington (NSW),0.398,9362.0,1.928,95.51,86.88,1.1,Orange,65.09,No Presence (20km+),0.409,-0.011,202512,202412
2821,Narromine,,,,,,,Orange,152.83,No Presence (20km+),,,202512,202412
2822,Eumungerie,,,,,,,Orange,168.28,No Presence (20km+),,,202512,202412
2823,Trangie,,,,,,,Orange,191.78,No Presence (20km+),,,202512,202412
2824,Warren,0.281,2401.0,2.102,74.6,61.16,1.22,Orange,197.68,No Presence (20km+),0.459,-0.178,202512,202412
2825,Nyngan,,,,,,,Orange,243.55,No Presence (20km+),,,202512,202412
2826,Nevertire,,,,,,,Orange,217.7,No Presence (20km+),,,202512,202412
2827,Gilgandra,0.317,4316.0,1.767,89.03,71.2,1.25,Orange,193.73,No Presence (20km+),,,202512,202412
2828,Gulargambone,,,,,,,Orange,232.0,No Presence (20km+),,,202512,202412
2829,Coonamble,,,,,,,Orange,289.69,No Presence (20km+),,,202512,202412
2830,Dubbo,0.21,30808.0,1.258,77.33,67.5,1.15,Orange,135.99,No Presence (20km+),0.198,0.012,202512,202412
2831,Wongarbon,,,,,,,Orange,219.32,No Presence (20km+),,,202512,202412
2832,Walgett,,,,,,,Orange,399.92,No Presence (20km+),,,202512,202412
2834,Lightning Ridge,,,,,,,Orange,468.44,No Presence (20km+),,,202512,202412
2835,Cobar,,,,,,,Orange,309.34,No Presence (20km+),0.146,,202512,202412
2839,Brewarrina,,,,,,,Orange,457.7,No Presence (20km+),,,202512,202412
2840,Bourke,,,,,,,Orange,540.72,No Presence (20km+),,,202512,202412
2844,Dunedoo,,,,,,,Orange,143.94,No Presence (20km+),,,202512,202412
2845,Wallerawang,,,,,,,Orange,77.74,No Presence (20km+),,,202512,202412
2847,Portland (NSW),,,,,,,Orange,69.63,No Presence (20km+),,,202512,202412
2848,Kandos,,,,,,,Orange,82.99,No Presence (20km+),,,202512,202412
2849,Rylstone,0.758,5994.0,2.728,140.31,126.39,1.11,Orange,104.6,No Presence (20km+),,,202512,202412
2850,Mudgee,0.249,15754.0,1.316,95.81,70.26,1.36,Orange,89.28,No Presence (20km+),0.272,-0.023,202512,202412
2852,Gulgong,0.094,2364.0,0.787,69.02,40.65,1.7,Orange,116.51,No Presence (20km+),,,202512,202412
2864,Cudal,3.038,10824.0,19.278,96.99,65.87,1.47,Orange,48.38,No Presence (20km+),3.879,-0.841,202512,202412
2865,Manildra,4.048,12682.0,16.917,127.92,76.97,1.66,Orange,59.82,No Presence (20km+),4.785,-0.737,202512,202412
2866,Molong,3.666,76309.0,16.2,133.64,76.23,1.75,Orange,45.76,No Presence (20km+),3.406,0.26,202512,202412
2867,Cumnock,,,,,,,Orange,70.81,No Presence (20km+),,,202512,202412
2868,Yeoval,,,,,,,Orange,87.94,No Presence (20km+),,,202512,202412
2869,Peak Hill (NSW),,,,,,,Orange,125.02,No Presence (20km+),,,202512,202412
2870,Parkes (NSW),0.642,28472.0,3.467,95.33,88.27,1.08,Orange,97.05,No Presence (20km+),0.488,0.154,202512,202412
2871,Forbes (NSW),1.052,26618.0,3.313,131.88,97.92,1.35,Orange,126.33,No Presence (20km+),0.675,0.377,202512,202412
2873,Tottenham (NSW),,,,,,,Orange,212.27,No Presence (20km+),,,202512,202412
2875,Trundle,,,,,,,Orange,156.77,No Presence (20km+),,,202512,202412
2877,Condobolin,1.135,10639.0,3.715,108.82,106.13,1.03,Orange,248.52,No Presence (20km+),0.649,0.486,202512,202412
2879,Menindee,,,,,,,Albury,593.63,No Presence (20km+),,,202512,202412
2880,Broken Hill,0.076,4960.0,0.243,163.4,104.12,1.57,Albury,726.07,No Presence (20km+),,,202512,202412
2898,Lord Howe Island,,,,,,,Orange,130.91,No Presence (20km+),,,202512,202412
2899,Norfolk Island,,,,,,,Orange,130.91,No Presence (20km+),,,202512,202412
2900,Greenway,0.851,14216.0,2.599,120.9,65.54,1.84,Majura Park,13.86,Extended (10-20km),1.048,-0.197,202512,202412
2902,Kambah,0.749,41015.0,3.085,116.15,79.51,1.46,Majura Park,11.47,Extended (10-20km),0.71,0.039,202512,202412
2903,Wanniassa,1.016,31769.0,3.703,126.81,90.76,1.4,Majura Park,11.83,Extended (10-20km),0.855,0.161,202512,202412
2904,Monash (ACT),0.951,41728.0,3.811,120.15,84.46,1.42,Majura Park,11.78,Extended (10-20km),1.002,-0.051,202512,202412
2905,Calwell,0.8,73542.0,3.774,97.08,69.23,1.4,Majura Park,13.96,Extended (10-20km),0.854,-0.054,202512,202412
2906,Gordon (ACT),0.739,45923.0,3.326,110.74,74.07,1.5,Majura Park,17.74,Extended (10-20km),0.855,-0.116,202512,202412
2911,Crace,2.343,20001.0,7.411,88.34,64.6,1.37,Majura Park,10.14,Extended (10-20km),1.642,0.701,202512,202412
2912,Gungahlin,1.776,41882.0,6.395,90.68,46.71,1.94,Majura Park,13.38,Extended (10-20km),1.617,0.159,202512,202412
2913,Franklin (ACT),1.501,150816.0,5.613,92.83,55.34,1.68,Majura Park,14.51,Extended (10-20km),1.479,0.022,202512,202412
2914,Harrison,1.924,176367.0,7.288,102.31,56.1,1.82,Majura Park,14.96,Extended (10-20km),1.985,-0.061,202512,202412
3682,Springhurst,2.218,6883.0,7.968,153.33,93.73,1.64,Albury,54.36,No Presence (20km+),,,202512,202412
3683,Chiltern,1.54,12297.0,6.608,129.94,102.89,1.26,Albury,42.32,No Presence (20km+),1.764,-0.224,202512,202412
3685,Rutherglen,1.572,23287.0,7.535,120.08,68.46,1.75,Albury,53.58,No Presence (20km+),1.155,0.417,202512,202412
3687,Wahgunyah,1.515,7061.0,5.166,161.36,127.84,1.26,Albury,53.32,No Presence (20km+),,,202512,202412
3688,Barnawartha,4.7,15307.0,7.786,335.6,201.24,1.67,Albury,35.91,No Presence (20km+),,,202512,202412
3690,Wodonga,1.912,223444.0,7.456,116.43,72.52,1.61,Albury,18.22,Extended (10-20km),2.094,-0.182,202512,202412
3691,Baranduda,2.864,165136.0,10.164,150.82,94.29,1.6,Albury,28.15,No Presence (20km+),3.225,-0.361,202512,202412
3695,Sandy Creek (Vic.),5.537,12213.0,11.673,273.35,124.96,2.19,Albury,28.96,No Presence (20km+),7.109,-1.572,202512,202412
3700,Tallangatta,1.488,7940.0,7.7,115.91,71.94,1.61,Albury,28.54,No Presence (20km+),2.301,-0.813,202512,202412
3701,Dartmouth,3.879,11676.0,10.466,213.2,101.65,2.1,Albury,47.37,No Presence (20km+),3.092,0.787,202512,202412
3747,Beechworth,1.733,42186.0,6.904,158.33,101.49,1.56,Albury,48.94,No Presence (20km+),1.706,0.027,202512,202412
3749,Yackandandah,6.964,35400.0,11.787,236.93,122.84,1.93,Albury,41.88,No Presence (20km+),6.275,0.689,202512,202412
4000,Brisbane City,2.648,214330.0,7.577,127.21,58.4,2.18,West End,0.0,Core (0-3km),2.018,0.63,202512,202412
4005,New Farm,1.628,108036.0,5.562,128.21,69.54,1.84,Clayfield,0.0,Core (0-3km),1.509,0.119,202512,202412
4006,Fortitude Valley,1.296,128514.0,4.534,107.46,55.71,1.93,Clayfield,2.13,Core (0-3km),1.052,0.244,202512,202412
4007,Hamilton (Qld),4.421,259762.0,13.2,167.25,79.81,2.1,Clayfield,5.18,Secondary (5-10km),4.201,0.22,202512,202412
4008,Pinkenba,,,,,,,Clayfield,8.88,Secondary (5-10km),,,202512,202412
4009,Eagle Farm,2.916,13297.0,9.102,134.32,86.92,1.55,Clayfield,5.47,Secondary (5-10km),1.678,1.238,202512,202412
4010,Albion (Brisbane - Qld),2.916,44921.0,11.336,114.94,54.25,2.12,Clayfield,2.73,Core (0-3km),3.203,-0.287,202512,202412
4011,Clayfield,10.197,646205.0,33.746,155.91,52.55,2.97,Clayfield,5.1,Secondary (5-10km),9.744,0.453,202512,202412
4012,Nundah,3.984,352399.0,12.943,140.62,66.15,2.13,Clayfield,6.7,Secondary (5-10km),4.247,-0.263,202512,202412
4013,Northgate (Qld),3.623,51577.0,10.929,131.15,64.36,2.04,Clayfield,8.29,Secondary (5-10km),3.769,-0.146,202512,202412
4014,Banyo,1.573,73788.0,5.709,129.63,68.28,1.9,Clayfield,10.77,Extended (10-20km),1.977,-0.404,202512,202412
4017,Bracken Ridge,0.771,101978.0,2.586,136.9,89.85,1.52,Clayfield,16.24,Extended (10-20km),0.81,-0.039,202512,202412
4018,Taigum,0.447,19844.0,1.696,105.18,52.4,2.01,Clayfield,13.46,Extended (10-20km),0.351,0.096,202512,202412
4019,Clontarf (Moreton Bay - Qld),0.237,17468.0,1.066,99.07,81.89,1.21,Clayfield,23.72,No Presence (20km+),0.342,-0.105,202512,202412
4020,Redcliffe (Qld),0.338,35782.0,1.278,128.23,77.43,1.66,Clayfield,28.39,No Presence (20km+),0.279,0.059,202512,202412
4021,Kippa-Ring,0.149,5083.0,0.611,110.69,61.02,1.81,Clayfield,26.47,No Presence (20km+),0.072,0.077,202512,202412
4022,Rothwell,,,,,,,Clayfield,27.52,No Presence (20km+),,,202512,202412
4025,Moreton Island,,,,,,,Clayfield,47.87,No Presence (20km+),,,202512,202412
4030,Windsor (Qld),4.446,293893.0,12.242,148.98,68.92,2.16,Clayfield,4.43,Primary (3-5km),4.332,0.114,202512,202412
4031,Kedron,2.194,113775.0,6.645,153.43,79.07,1.94,Clayfield,6.0,Secondary (5-10km),2.038,0.156,202512,202412
4032,Chermside,0.647,39947.0,2.59,100.17,60.02,1.67,Clayfield,8.95,Secondary (5-10km),0.563,0.084,202512,202412
4034,Aspley,0.708,109276.0,2.566,121.5,73.82,1.65,Clayfield,11.44,Extended (10-20km),0.699,0.009,202512,202412
4035,Albany Creek,0.368,41209.0,1.847,106.92,72.33,1.48,West End,12.97,Extended (10-20km),0.373,-0.005,202512,202412
4036,Bald Hills (Qld),0.283,6545.0,1.248,103.76,50.64,2.05,West End,16.08,Extended (10-20km),0.084,0.199,202512,202412
4037,Eatons Hill,0.144,4524.0,1.064,75.09,61.96,1.21,West End,15.33,Extended (10-20km),0.141,0.003,202512,202412
4051,Alderley,0.788,83165.0,3.572,101.65,67.39,1.51,West End,47.02,No Presence (20km+),0.794,-0.006,202512,202412
4053,Everton Park,0.599,103381.0,2.596,107.51,60.98,1.76,West End,8.09,Secondary (5-10km),0.492,0.107,202512,202412
4054,Keperra,0.378,19787.0,1.629,114.35,71.33,1.6,West End,7.81,Secondary (5-10km),0.333,0.045,202512,202412
4055,Ferny Hills,0.38,33390.0,1.523,134.39,87.81,1.53,West End,11.63,Extended (10-20km),0.408,-0.028,202512,202412
4059,Kelvin Grove,1.524,71525.0,5.474,107.96,53.27,2.03,West End,2.57,Core (0-3km),1.675,-0.151,202512,202412
4060,Ashgrove,0.998,55902.0,3.902,144.51,81.72,1.77,West End,3.76,Primary (3-5km),0.937,0.061,202512,202412
4061,The Gap (Brisbane - Qld),0.492,36325.0,2.295,124.11,71.85,1.73,West End,8.73,Secondary (5-10km),0.431,0.061,202512,202412
4064,Paddington (Qld),2.042,91685.0,7.004,127.96,67.25,1.9,West End,46.04,No Presence (20km+),2.138,-0.096,202512,202412
4065,Bardon,1.366,56806.0,4.805,148.31,86.16,1.72,West End,4.36,Primary (3-5km),1.504,-0.138,202512,202412
4066,Toowong,1.544,98208.0,5.9,107.77,60.37,1.79,West End,3.81,Primary (3-5km),1.604,-0.06,202512,202412
4067,St Lucia,1.267,50916.0,5.321,87.96,51.01,1.72,West End,13.46,Extended (10-20km),1.537,-0.27,202512,202412
4068,Indooroopilly,1.045,93745.0,3.9,115.8,62.65,1.85,West End,6.2,Secondary (5-10km),0.99,0.055,202512,202412
4069,Chapel Hill (Qld),0.661,95630.0,3.17,119.2,77.35,1.54,West End,11.46,Extended (10-20km),0.543,0.118,202512,202412
4070,Bellbowrie,0.313,15967.0,1.851,99.39,87.55,1.14,West End,18.39,Extended (10-20km),0.356,-0.043,202512,202412
4073,Sinnamon Park,0.496,16426.0,2.03,117.41,88.6,1.33,West End,11.43,Extended (10-20km),0.463,0.033,202512,202412
4074,Jindalee (Qld),0.307,24188.0,1.613,88.27,60.0,1.47,West End,13.61,Extended (10-20km),0.269,0.038,202512,202412
4075,Oxley (Qld),0.594,53935.0,2.331,119.39,74.14,1.61,West End,8.89,Secondary (5-10km),0.638,-0.044,202512,202412
4076,Darra,0.348,4687.0,1.16,81.4,68.15,1.19,West End,14.53,Extended (10-20km),0.162,0.186,202512,202412
4077,Inala,0.209,14017.0,0.808,66.57,50.23,1.33,West End,15.64,Extended (10-20km),0.233,-0.024,202512,202412
4078,Forest Lake,0.193,13443.0,0.911,66.46,57.95,1.15,West End,18.49,Extended (10-20km),0.137,0.056,202512,202412
4101,South Brisbane,11.109,1533489.0,32.394,144.76,49.6,2.92,West End,1.92,Core (0-3km),11.079,0.03,202512,202412
4102,Woolloongabba,2.44,90352.0,8.438,104.59,56.2,1.86,West End,3.19,Primary (3-5km),2.293,0.147,202512,202412
4103,Annerley,1.814,90860.0,5.676,126.34,68.52,1.84,West End,4.96,Primary (3-5km),1.681,0.133,202512,202412
4104,Yeronga,1.831,44607.0,6.587,115.57,67.97,1.7,West End,5.67,Secondary (5-10km),2.007,-0.176,202512,202412
4105,Moorooka,0.897,43304.0,3.772,103.24,65.82,1.57,West End,7.36,Secondary (5-10km),1.213,-0.316,202512,202412
4106,Rocklea (Qld),,,,,,,West End,8.45,Secondary (5-10km),0.59,,202512,202412
4107,Salisbury (Qld),0.314,6598.0,1.397,85.51,67.13,1.27,West End,9.64,Secondary (5-10km),0.393,-0.079,202512,202412
4108,Coopers Plains,0.175,2537.0,1.127,50.5,33.66,1.5,West End,11.22,Extended (10-20km),0.415,-0.24,202512,202412
4109,Sunnybank Hills,0.573,51253.0,1.854,88.84,58.18,1.53,Clayfield,13.23,Extended (10-20km),0.426,0.147,202512,202412
4110,Acacia Ridge,0.167,7811.0,0.888,60.19,48.36,1.24,West End,16.81,Extended (10-20km),0.317,-0.15,202512,202412
4111,Nathan,,,,,,,Clayfield,10.89,Extended (10-20km),,,202512,202412
4112,Kuraby,0.337,7018.0,1.52,75.21,48.37,1.55,Clayfield,16.75,Extended (10-20km),0.173,0.164,202512,202412
4113,Eight Mile Plains,0.364,26329.0,1.603,70.6,49.37,1.43,Clayfield,14.85,Extended (10-20km),0.501,-0.137,202512,202412
4114,Woodridge (Qld),0.056,2873.0,0.332,42.49,39.81,1.07,Clayfield,21.53,No Presence (20km+),0.025,0.031,202512,202412
4115,Parkinson,0.216,10656.0,1.02,71.39,50.83,1.4,West End,18.14,Extended (10-20km),0.342,-0.126,202512,202412
4116,Calamvale,0.292,18269.0,1.408,65.25,51.18,1.27,West End,18.73,Extended (10-20km),0.348,-0.056,202512,202412
4117,Berrinba,,,,,,,Clayfield,20.06,No Presence (20km+),,,202512,202412
4118,Regents Park (Qld),0.085,6859.0,0.393,78.27,63.65,1.23,West End,22.91,No Presence (20km+),0.093,-0.008,202512,202412
4119,Underwood (Qld),0.206,3263.0,1.337,51.01,45.36,1.12,Clayfield,17.52,Extended (10-20km),0.203,0.003,202512,202412
4120,Greenslopes,1.036,35842.0,3.9,101.95,69.07,1.48,Clayfield,5.16,Secondary (5-10km),0.753,0.283,202512,202412
4121,Tarragindi,0.901,79060.0,3.514,119.15,72.37,1.65,Clayfield,7.13,Secondary (5-10km),0.938,-0.037,202512,202412
4122,Upper Mount Gravatt,0.458,62172.0,2.088,84.29,57.44,1.47,Clayfield,10.23,Extended (10-20km),0.475,-0.017,202512,202412
4123,Rochedale South,0.359,19716.0,1.784,73.1,38.79,1.88,Clayfield,15.45,Extended (10-20km),0.208,0.151,202512,202412
4124,Greenbank,0.06,5658.0,0.381,71.33,61.39,1.16,West End,31.04,No Presence (20km+),0.124,-0.064,202512,202412
4125,Park Ridge,0.037,1865.0,0.369,43.11,33.7,1.28,West End,29.47,No Presence (20km+),0.166,-0.129,202512,202412
4127,Slacks Creek,0.127,10623.0,0.755,69.22,52.99,1.31,Clayfield,20.22,No Presence (20km+),0.232,-0.105,202512,202412
4128,Shailer Park,0.252,14467.0,0.964,123.75,95.91,1.29,Clayfield,25.38,No Presence (20km+),0.161,0.091,202512,202412
4129,Loganholme,,,,,,,Isle of Capri,27.2,No Presence (20km+),,,202512,202412
4130,Cornubia,0.139,5223.0,0.87,91.77,57.15,1.61,Isle of Capri,25.53,No Presence (20km+),0.024,0.115,202512,202412
4131,Loganlea,,,,,,,Clayfield,24.83,No Presence (20km+),0.07,,202512,202412
4132,Marsden,0.043,2618.0,0.166,85.26,24.14,3.53,Clayfield,24.69,No Presence (20km+),0.026,0.017,202512,202412
4133,Logan Reserve,0.024,1839.0,0.299,27.85,27.67,1.01,Clayfield,28.99,No Presence (20km+),0.036,-0.012,202512,202412
4151,Coorparoo,0.822,55343.0,3.721,103.3,62.27,1.66,Clayfield,3.64,Primary (3-5km),0.872,-0.05,202512,202412
4152,Carindale,0.448,76971.0,2.248,95.88,68.86,1.39,Clayfield,5.99,Secondary (5-10km),0.493,-0.045,202512,202412
4153,Belmont (Qld),0.595,10783.0,2.722,119.41,59.5,2.01,Clayfield,9.46,Secondary (5-10km),0.189,0.406,202512,202412
4154,Wakerley,0.305,13519.0,1.622,105.73,68.1,1.55,Clayfield,11.71,Extended (10-20km),0.374,-0.069,202512,202412
4155,Chandler (Qld),,,,,,,Clayfield,11.56,Extended (10-20km),,,202512,202412
4156,Mackenzie (Brisbane - Qld),0.347,4284.0,2.129,74.77,46.79,1.6,Clayfield,12.94,Extended (10-20km),0.35,-0.003,202512,202412
4157,Capalaba,0.148,10166.0,0.683,102.77,79.99,1.28,Clayfield,18.95,Extended (10-20km),0.174,-0.026,202512,202412
4158,Thorneside,,,,,,,Clayfield,15.13,Extended (10-20km),,,202512,202412
4159,Birkdale,0.142,7663.0,0.86,79.13,63.76,1.24,Clayfield,16.84,Extended (10-20km),0.189,-0.047,202512,202412
4160,Wellington Point,0.081,6168.0,0.64,65.58,46.69,1.4,Clayfield,20.4,No Presence (20km+),0.128,-0.047,202512,202412
4161,Alexandra Hills,0.063,3815.0,0.415,74.54,58.79,1.27,Clayfield,19.51,Extended (10-20km),0.065,-0.002,202512,202412
4163,Cleveland (Qld),0.109,7501.0,0.81,71.48,59.71,1.2,Clayfield,22.64,No Presence (20km+),0.147,-0.038,202512,202412
4164,Thornlands,0.066,5317.0,0.426,83.74,69.87,1.2,Clayfield,23.91,No Presence (20km+),0.052,0.014,202512,202412
4165,Redland Bay,0.101,17065.0,0.305,179.69,144.12,1.25,Clayfield,29.46,No Presence (20km+),0.096,0.005,202512,202412
4169,Kangaroo Point (Qld),1.698,104731.0,5.965,111.73,63.47,1.76,Clayfield,2.03,Core (0-3km),1.723,-0.025,202512,202412
4170,Morningside,0.663,67456.0,2.858,106.19,68.56,1.55,Clayfield,3.18,Primary (3-5km),0.713,-0.05,202512,202412
4171,Bulimba,1.476,102720.0,4.335,183.54,104.45,1.76,Clayfield,1.68,Core (0-3km),1.014,0.462,202512,202412
4172,Murarrie,0.221,3702.0,1.907,52.22,42.65,1.22,Clayfield,4.97,Primary (3-5km),0.129,0.092,202512,202412
4173,Tingalpa,0.219,6178.0,1.167,82.42,73.16,1.13,Clayfield,7.93,Secondary (5-10km),0.18,0.039,202512,202412
4174,Hemmant,,,,,,,Clayfield,8.43,Secondary (5-10km),,,202512,202412
4178,Wynnum,0.354,34093.0,1.171,140.0,100.97,1.39,Clayfield,11.95,Extended (10-20km),0.265,0.089,202512,202412
4179,Manly West,0.278,21231.0,1.138,124.82,87.15,1.43,Clayfield,13.0,Extended (10-20km),0.236,0.042,202512,202412
4183,Amity,,,,,,,Clayfield,40.39,No Presence (20km+),,,202512,202412
4184,Russell Island,,,,,,,Isle of Capri,30.89,No Presence (20km+),,,202512,202412
4205,Bethania,,,,,,,Clayfield,27.28,No Presence (20km+),,,202512,202412
4207,Eagleby,0.085,19610.0,0.355,100.94,92.02,1.1,Isle of Capri,20.61,No Presence (20km+),0.064,0.021,202512,202412
4208,Ormeau,0.121,11037.0,0.535,113.11,72.7,1.56,Clayfield,25.17,No Presence (20km+),0.142,-0.021,202512,202412
4209,Upper Coomera,0.228,60496.0,0.853,120.44,78.53,1.53,Isle of Capri,6.87,Secondary (5-10km),0.182,0.046,202512,202412
4210,Oxenford,0.163,13499.0,0.955,85.6,72.48,1.18,Isle of Capri,10.23,Extended (10-20km),0.137,0.026,202512,202412
4211,Nerang,0.451,98016.0,2.043,102.81,68.81,1.49,Isle of Capri,19.55,Extended (10-20km),0.5,-0.049,202512,202412
4212,Helensvale,0.548,79526.0,1.738,160.19,88.02,1.82,Isle of Capri,0.0,Core (0-3km),0.61,-0.062,202512,202412
4213,Mudgeeraba,0.628,79094.0,2.358,147.96,72.6,2.04,Isle of Capri,26.59,No Presence (20km+),0.665,-0.037,202512,202412
4214,Arundel,0.818,101528.0,3.01,115.95,62.77,1.85,Isle of Capri,9.72,Secondary (5-10km),0.957,-0.139,202512,202412
4215,Southport (Qld),0.944,160569.0,2.842,119.19,57.15,2.09,Isle of Capri,9.65,Secondary (5-10km),0.884,0.06,202512,202412
4216,Biggera Waters,0.574,82647.0,2.12,120.92,75.57,1.6,Isle of Capri,4.42,Primary (3-5km),0.474,0.1,202512,202412
4217,Surfers Paradise,5.462,1006157.0,15.098,160.69,61.46,2.61,Isle of Capri,14.73,Extended (10-20km),5.794,-0.332,202512,202412
4218,Mermaid Waters,2.817,404113.0,8.687,154.38,76.47,2.02,Isle of Capri,43.26,No Presence (20km+),3.095,-0.278,202512,202412
4220,Burleigh Waters,0.794,91837.0,2.493,141.99,73.47,1.93,Isle of Capri,25.08,No Presence (20km+),0.592,0.202,202512,202412
4221,Palm Beach (Qld),0.39,44502.0,1.511,126.95,81.05,1.57,Isle of Capri,29.45,No Presence (20km+),0.224,0.166,202512,202412
4223,Currumbin Waters,0.362,19955.0,1.224,146.82,81.27,1.81,Isle of Capri,33.34,No Presence (20km+),0.266,0.096,202512,202412
4224,Tugun,0.382,8517.0,1.116,143.11,64.95,2.2,Isle of Capri,33.46,No Presence (20km+),0.391,-0.009,202512,202412
4225,Coolangatta (Qld),0.437,14382.0,1.276,145.29,83.06,1.75,Isle of Capri,40.95,No Presence (20km+),0.24,0.197,202512,202412
4226,Robina,0.881,124054.0,3.143,133.45,85.55,1.56,Isle of Capri,20.41,No Presence (20km+),0.796,0.085,202512,202412
4227,Varsity Lakes,0.427,35263.0,1.95,96.35,51.0,1.89,Isle of Capri,24.72,No Presence (20km+),0.365,0.062,202512,202412
4228,Tallebudgera,0.465,11420.0,1.499,191.06,94.74,2.02,Isle of Capri,32.72,No Presence (20km+),0.508,-0.043,202512,202412
4270,Tamborine,,,,,,,Isle of Capri,22.03,No Presence (20km+),,,202512,202412
4272,Tamborine Mountain,0.543,17808.0,2.081,150.49,87.83,1.71,Isle of Capri,18.24,Extended (10-20km),0.462,0.081,202512,202412
4275,Canungra,,,,,,,Isle of Capri,27.87,No Presence (20km+),,,202512,202412
4280,Jimboomba,0.029,2586.0,0.196,73.58,50.81,1.45,West End,35.79,No Presence (20km+),,,202512,202412
4285,Beaudesert,0.059,5429.0,0.37,84.44,48.56,1.74,Isle of Capri,44.91,No Presence (20km+),0.088,-0.029,202512,202412
4300,Springfield Lakes,0.152,30690.0,0.692,87.14,59.47,1.47,West End,23.33,No Presence (20km+),0.164,-0.012,202512,202412
4301,Redbank Plains,0.047,4768.0,0.376,45.02,35.61,1.26,West End,23.39,No Presence (20km+),0.042,0.005,202512,202412
4303,Riverview (Qld),,,,,,,West End,24.01,No Presence (20km+),,,202512,202412
4304,Bundamba,0.113,5857.0,0.513,84.28,68.18,1.24,West End,27.29,No Presence (20km+),0.071,0.042,202512,202412
4305,Brassall,0.096,19645.0,0.431,95.95,81.17,1.18,West End,31.77,No Presence (20km+),0.075,0.021,202512,202412
4306,Karalee,0.08,14959.0,0.523,74.93,59.37,1.26,West End,47.63,No Presence (20km+),0.075,0.005,202512,202412
4307,Harrisville,,,,,,,West End,56.28,No Presence (20km+),,,202512,202412
4309,Kalbar,,,,,,,West End,69.09,No Presence (20km+),,,202512,202412
4310,Boonah (Qld),,,,,,,Isle of Capri,69.24,No Presence (20km+),0.274,,202512,202412
4311,Lowood,,,,,,,West End,52.23,No Presence (20km+),,,202512,202412
4312,Esk (Qld),,,,,,,West End,58.11,No Presence (20km+),,,202512,202412
4313,Toogoolawah,,,,,,,West End,74.54,No Presence (20km+),,,202512,202412
4314,Blackbutt North,,,,,,,West End,107.45,No Presence (20km+),,,202512,202412
4340,Rosewood (Qld),,,,,,,West End,55.38,No Presence (20km+),,,202512,202412
4341,Laidley,,,,,,,West End,64.75,No Presence (20km+),,,202512,202412
4342,Forest Hill (Qld),,,,,,,West End,62.53,No Presence (20km+),,,202512,202412
4343,Gatton,0.0,16.0,0.232,0.68,0.54,1.26,West End,78.91,No Presence (20km+),0.03,-0.03,202512,202412
4344,Helidon,,,,,,,West End,84.54,No Presence (20km+),,,202512,202412
4350,Kearneys Spring,0.057,20890.0,0.312,79.79,62.76,1.27,West End,109.09,No Presence (20km+),0.077,-0.02,202512,202412
4352,Highfields (Qld),0.016,2128.0,0.195,49.42,49.42,1.0,West End,114.0,No Presence (20km+),0.021,-0.005,202512,202412
4355,Crows Nest (Qld),,,,,,,West End,96.06,No Presence (20km+),,,202512,202412
4356,Pittsworth,,,,,,,West End,138.83,No Presence (20km+),,,202512,202412
4358,Cambooya,,,,,,,West End,118.9,No Presence (20km+),,,202512,202412
4359,Greenmount (Toowoomba - Qld),,,,,,,West End,79.21,No Presence (20km+),,,202512,202412
4370,Warwick (Qld),0.074,5420.0,0.264,137.24,60.67,2.26,West End,127.11,No Presence (20km+),,,202512,202412
4378,Applethorpe,,,,,,,Isle of Capri,159.84,No Presence (20km+),,,202512,202412
4380,Stanthorpe,,,,,,,Isle of Capri,167.8,No Presence (20km+),0.053,,202512,202412
4385,Brush Creek,,,,,,,West End,243.23,No Presence (20km+),,,202512,202412
4390,Goondiwindi,,,,,,,West End,277.58,No Presence (20km+),,,202512,202412
4400,Kingsthorpe,,,,,,,West End,119.28,No Presence (20km+),,,202512,202412
4401,Oakey,,,,,,,West End,129.82,No Presence (20km+),,,202512,202412
4405,Dalby,,,,,,,West End,170.93,No Presence (20km+),,,202512,202412
4413,Chinchilla,,,,,,,West End,234.65,No Presence (20km+),,,202512,202412
4415,Miles,,,,,,,West End,300.04,No Presence (20km+),,,202512,202412
4455,Roma,,,,,,,West End,450.65,No Presence (20km+),,,202512,202412
4470,Charleville,,,,,,,West End,691.29,No Presence (20km+),,,202512,202412
4472,Blackall,,,,,,,West End,790.83,No Presence (20km+),,,202512,202412
4480,Quilpie,,,,,,,Orange,911.15,No Presence (20km+),,,202512,202412
4486,Dirranbandi,,,,,,,West End,512.81,No Presence (20km+),,,202512,202412
4487,St George (Qld),,,,,,,West End,451.51,No Presence (20km+),,,202512,202412
4500,Warner,0.128,20677.0,0.6,99.26,53.25,1.86,West End,19.72,Extended (10-20km),0.168,-0.04,202512,202412
4501,Lawnton,,,,,,,West End,20.59,No Presence (20km+),,,202512,202412
4502,Petrie,,,,,,,West End,22.41,No Presence (20km+),0.183,,202512,202412
4503,Kallangur,0.183,31951.0,0.513,153.99,68.58,2.25,West End,24.06,No Presence (20km+),0.176,0.007,202512,202412
4504,Narangba,0.143,11402.0,0.385,190.79,74.48,2.56,West End,29.78,No Presence (20km+),0.129,0.014,202512,202412
4505,Burpengary,0.028,3004.0,0.287,46.94,36.17,1.3,West End,35.2,No Presence (20km+),0.05,-0.022,202512,202412
4506,Morayfield,0.033,3029.0,0.241,58.96,56.04,1.05,West End,38.99,No Presence (20km+),0.059,-0.026,202512,202412
4507,Bongaree,0.04,3792.0,0.216,93.88,92.26,1.02,Clayfield,47.68,No Presence (20km+),0.049,-0.009,202512,202412
4508,Deception Bay,0.084,5508.0,0.209,191.0,191.0,1.0,Clayfield,29.91,No Presence (20km+),,,202512,202412
4509,North Lakes,0.133,15612.0,0.679,84.2,56.2,1.5,Clayfield,25.47,No Presence (20km+),0.154,-0.021,202512,202412
4510,Caboolture,0.04,7443.0,0.222,74.84,57.59,1.3,Clayfield,43.88,No Presence (20km+),0.029,0.011,202512,202412
4511,Ningi,,,,,,,Clayfield,43.14,No Presence (20km+),0.06,,202512,202412
4512,Wamuran,,,,,,,West End,51.59,No Presence (20km+),,,202512,202412
4514,Woodford (Qld),,,,,,,West End,63.74,No Presence (20km+),,,202512,202412
4515,Kilcoy,,,,,,,West End,82.15,No Presence (20km+),,,202512,202412
4516,Elimbah,,,,,,,West End,50.38,No Presence (20km+),,,202512,202412
4518,Glass House Mountains,,,,,,,Clayfield,63.43,No Presence (20km+),,,202512,202412
4519,Beerwah,,,,,,,Clayfield,68.81,No Presence (20km+),,,202512,202412
4520,Samford Valley,0.526,26876.0,2.177,126.7,98.59,1.29,West End,21.84,No Presence (20km+),0.497,0.029,202512,202412
4521,Dayboro,,,,,,,West End,41.0,No Presence (20km+),,,202512,202412
4550,Landsborough (Qld),,,,,,,Clayfield,73.0,No Presence (20km+),,,202512,202412
4551,Little Mountain,0.052,15154.0,0.336,78.5,51.75,1.52,Clayfield,74.33,No Presence (20km+),0.061,-0.009,202512,202412
4552,Maleny,0.766,24527.0,1.412,263.78,100.61,2.62,West End,83.32,No Presence (20km+),0.428,0.338,202512,202412
4553,Palmview,,,,,,,Clayfield,78.31,No Presence (20km+),,,202512,202412
4554,Eudlo,,,,,,,Clayfield,81.65,No Presence (20km+),,,202512,202412
4555,Palmwoods (Qld),,,,,,,Clayfield,85.84,No Presence (20km+),,,202512,202412
4556,Buderim,0.058,11884.0,0.419,75.08,48.23,1.56,Clayfield,85.34,No Presence (20km+),0.058,0.0,202512,202412
4557,Mountain Creek (Qld),0.063,4846.0,0.378,85.9,38.39,2.24,Clayfield,85.8,No Presence (20km+),0.049,0.014,202512,202412
4558,Maroochydore,0.08,7257.0,0.406,87.12,58.69,1.48,Clayfield,89.56,No Presence (20km+),0.037,0.043,202512,202412
4559,Woombye,,,,,,,Clayfield,89.76,No Presence (20km+),,,202512,202412
4560,Nambour,0.026,3812.0,0.391,32.85,31.31,1.05,Clayfield,94.32,No Presence (20km+),0.08,-0.054,202512,202412
4561,Yandina,,,,,,,Clayfield,102.01,No Presence (20km+),,,202512,202412
4562,Doonan,0.145,5269.0,0.876,91.98,64.5,1.43,Clayfield,110.37,No Presence (20km+),,,202512,202412
4563,Cooroy,0.118,5500.0,0.501,130.83,66.17,1.98,Clayfield,116.83,No Presence (20km+),0.064,0.054,202512,202412
4564,Marcoola,,,,,,,Clayfield,94.47,No Presence (20km+),0.105,,202512,202412
4565,Tewantin,0.043,2468.0,0.331,66.38,45.2,1.47,Clayfield,125.41,No Presence (20km+),0.078,-0.035,202512,202412
4566,Noosaville,0.236,9146.0,1.076,121.24,48.23,2.51,Clayfield,118.08,No Presence (20km+),0.185,0.051,202512,202412
4567,Noosa Heads,0.427,22131.0,1.67,140.25,74.54,1.88,Clayfield,116.89,No Presence (20km+),0.225,0.202,202512,202412
4569,Cooran,,,,,,,West End,127.02,No Presence (20km+),,,202512,202412
4570,Gympie,0.015,2429.0,0.134,51.24,39.58,1.29,West End,147.41,No Presence (20km+),0.044,-0.029,202512,202412
4571,Kin Kin,,,,,,,Clayfield,136.69,No Presence (20km+),,,202512,202412
4572,Alexandra Headland,,,,,,,Clayfield,88.03,No Presence (20km+),,,202512,202412
4573,Coolum Beach,0.186,26262.0,1.065,100.65,64.18,1.57,Clayfield,105.24,No Presence (20km+),0.138,0.048,202512,202412
4574,Obi Obi,,,,,,,West End,100.24,No Presence (20km+),,,202512,202412
4575,Wurtulla,0.117,13061.0,0.549,108.11,61.68,1.75,Clayfield,82.72,No Presence (20km+),0.126,-0.009,202512,202412
4580,Cooloola Cove,,,,,,,Clayfield,166.62,No Presence (20km+),,,202512,202412
4581,Rainbow Beach,,,,,,,Clayfield,212.57,No Presence (20km+),,,202512,202412
4605,Murgon,,,,,,,West End,181.92,No Presence (20km+),,,202512,202412
4606,Wondai,,,,,,,West End,178.79,No Presence (20km+),,,202512,202412
4610,Kingaroy,,,,,,,West End,162.88,No Presence (20km+),,,202512,202412
4614,Yarraman (Qld),,,,,,,West End,125.85,No Presence (20km+),,,202512,202412
4615,Nanango,,,,,,,West End,129.65,No Presence (20km+),,,202512,202412
4620,Doongul,,,,,,,West End,214.06,No Presence (20km+),,,202512,202412
4625,Gayndah,,,,,,,West End,247.9,No Presence (20km+),,,202512,202412
4626,Mundubbera,,,,,,,West End,270.26,No Presence (20km+),,,202512,202412
4650,Maryborough (Qld),0.082,8548.0,0.217,146.58,49.86,2.94,West End,202.05,No Presence (20km+),,,202512,202412
4655,Urangan,0.02,4828.0,0.185,47.31,41.41,1.14,Clayfield,239.29,No Presence (20km+),0.037,-0.017,202512,202412
4659,Burrum Heads,,,,,,,West End,246.71,No Presence (20km+),,,202512,202412
4660,Childers (Qld),,,,,,,West End,261.59,No Presence (20km+),,,202512,202412
4670,Bargara,0.059,18297.0,0.203,133.99,63.02,2.13,West End,297.84,No Presence (20km+),0.051,0.008,202512,202412
4671,Moolboolaman,,,,,,,West End,294.51,No Presence (20km+),,,202512,202412
4674,Deepwater (Qld),,,,,,,West End,346.44,No Presence (20km+),,,202512,202412
4677,Agnes Water,,,,,,,West End,376.58,No Presence (20km+),,,202512,202412
4680,Clinton (Qld),0.029,5491.0,0.229,61.27,51.98,1.18,West End,422.97,No Presence (20km+),0.028,0.001,202512,202412
4700,The Range (Qld),,,,,,,West End,520.28,No Presence (20km+),0.04,,202512,202412
4701,Norman Gardens,0.028,3751.0,0.162,74.58,61.13,1.22,West End,520.11,No Presence (20km+),0.044,-0.016,202512,202412
4702,Gracemere,,,,,,,West End,550.25,No Presence (20km+),,,202512,202412
4703,Yeppoon,0.082,8176.0,0.392,107.96,66.24,1.63,West End,537.34,No Presence (20km+),0.051,0.031,202512,202412
4710,Zilzie,,,,,,,West End,516.34,No Presence (20km+),,,202512,202412
4715,Biloela,,,,,,,West End,429.14,No Presence (20km+),,,202512,202412
4717,Blackwater,,,,,,,West End,599.23,No Presence (20km+),,,202512,202412
4720,Emerald (Qld),,,,,,,West End,646.0,No Presence (20km+),,,202512,202412
4727,Ilfracombe,,,,,,,West End,962.07,No Presence (20km+),,,202512,202412
4730,Longreach (Qld),,,,,,,West End,1017.44,No Presence (20km+),,,202512,202412
4740,Andergrove,0.024,7879.0,0.22,55.56,32.29,1.72,West End,805.7,No Presence (20km+),0.053,-0.029,202512,202412
4741,Kuttabul,,,,,,,West End,804.23,No Presence (20km+),,,202512,202412
4744,Moranbah,,,,,,,West End,788.25,No Presence (20km+),,,202512,202412
4746,Middlemount,,,,,,,West End,677.85,No Presence (20km+),,,202512,202412
4751,Walkerston,,,,,,,West End,806.91,No Presence (20km+),,,202512,202412
4753,Marian,,,,,,,West End,817.32,No Presence (20km+),,,202512,202412
4754,Mirani,,,,,,,West End,818.89,No Presence (20km+),,,202512,202412
4800,Proserpine,,,,,,,West End,909.97,No Presence (20km+),,,202512,202412
4802,Cannonvale,0.054,2950.0,0.56,45.81,29.23,1.57,West End,911.46,No Presence (20km+),0.061,-0.007,202512,202412
4805,Bowen,,,,,,,West End,968.39,No Presence (20km+),,,202512,202412
4806,Home Hill,,,,,,,West End,1032.36,No Presence (20km+),,,202512,202412
4807,Ayr,,,,,,,West End,1035.15,No Presence (20km+),,,202512,202412
4810,North Ward,0.096,7504.0,0.51,86.32,38.24,2.26,West End,1110.48,No Presence (20km+),0.086,0.01,202512,202412
4811,Wulguru,,,,,,,West End,1102.79,No Presence (20km+),,,202512,202412
4812,Hermit Park,0.018,1124.0,0.144,53.48,45.11,1.19,West End,1109.28,No Presence (20km+),,,202512,202412
4814,Annandale (Qld),0.054,8603.0,0.211,117.39,94.26,1.25,West End,1109.62,No Presence (20km+),0.025,0.029,202512,202412
4815,Kelso (Qld),,,,,,,West End,1104.08,No Presence (20km+),,,202512,202412
4817,Kirwan,0.014,1452.0,0.158,50.04,50.04,1.0,West End,1110.81,No Presence (20km+),,,202512,202412
4818,Burdell,,,,,,,West End,1124.23,No Presence (20km+),,,202512,202412
4819,Nelly Bay,,,,,,,West End,1118.84,No Presence (20km+),,,202512,202412
4820,Charters Towers City,,,,,,,West End,1075.06,No Presence (20km+),,,202512,202412
4824,Cloncurry,,,,,,,West End,1465.15,No Presence (20km+),,,202512,202412
4825,Pioneer (Qld),,,,,,,West End,1558.3,No Presence (20km+),,,202512,202412
4849,Cardwell,,,,,,,West End,1233.99,No Presence (20km+),,,202512,202412
4850,Ingham,,,,,,,West End,1204.73,No Presence (20km+),,,202512,202412
4852,Wongaling Beach,,,,,,,West End,1279.86,No Presence (20km+),,,202512,202412
4854,Tully,,,,,,,West End,1283.16,No Presence (20km+),,,202512,202412
4860,East Innisfail,,,,,,,West End,1320.2,No Presence (20km+),,,202512,202412
4861,East Russell,,,,,,,West End,1336.67,No Presence (20km+),,,202512,202412
4868,Mount Sheridan (Qld),,,,,,,West End,1386.19,No Presence (20km+),,,202512,202412
4869,Edmonton,,,,,,,West End,1380.45,No Presence (20km+),,,202512,202412
4870,Redlynch,0.078,18002.0,0.365,87.75,49.55,1.77,West End,1391.2,No Presence (20km+),0.067,0.011,202512,202412
4871,Yarrabah,,,,,,,West End,1393.29,No Presence (20km+),,,202512,202412
4872,Mutchilba,,,,,,,West End,1376.07,No Presence (20km+),,,202512,202412
4873,Mossman,,,,,,,West End,1465.57,No Presence (20km+),,,202512,202412
4874,Trunding,,,,,,,West End,2012.79,No Presence (20km+),,,202512,202412
4875,Thursday Island,,,,,,,West End,1448.33,No Presence (20km+),,,202512,202412
4877,Port Douglas,0.189,5000.0,0.731,137.79,74.78,1.84,West End,1439.6,No Presence (20km+),,,202512,202412
4878,Smithfield (Qld),0.026,1445.0,0.327,36.47,33.2,1.1,West End,1399.62,No Presence (20km+),,,202512,202412
4879,Trinity Beach,0.062,5413.0,0.387,80.25,54.7,1.47,West End,1408.88,No Presence (20km+),0.089,-0.027,202512,202412
4880,Mareeba,,,,,,,West End,1416.54,No Presence (20km+),,,202512,202412
4881,Kuranda,,,,,,,West End,1408.36,No Presence (20km+),,,202512,202412
4882,Tolga,,,,,,,West End,1380.73,No Presence (20km+),,,202512,202412
4883,Atherton,,,,,,,West End,1366.47,No Presence (20km+),,,202512,202412
4884,Yungaburra,,,,,,,West End,1365.09,No Presence (20km+),,,202512,202412
4885,Peeramon,,,,,,,West End,1354.63,No Presence (20km+),,,202512,202412
4886,Millaa Millaa,,,,,,,West End,1340.48,No Presence (20km+),,,202512,202412
4890,Normanton,,,,,,,West End,1642.51,No Presence (20km+),,,202512,202412
ACT,ACT,1.597,2221498.0,5.549,116.72,68.49,1.7,,,,1.599,-0.002,202512,202412
AUS,AUS,0.942,77050213.0,2.966,133.65,59.46,2.25,,,,0.863,0.079,202512,202412
NSW,NSW,2.574,63519078.0,7.702,136.58,58.67,2.33,,,,2.308,0.266,202512,202412
QLD,QLD,0.526,9580291.0,1.89,127.04,62.02,2.05,,,,0.522,0.004,202512,202412
