sequence,week_ending_date,month_end,prior_month_end,retail_weeks_in_month,financial_year,fin_week_of_month,fin_week_of_year,prior_year_week_ending,current_fy_start,prior_fy_start
1,2014-07-06,2014-07-01,2014-06-01,5,2015,1,1,2013-07-07,2014-07-06,2013-07-07
2,2014-07-13,2014-07-01,2014-06-01,5,2015,2,2,2013-07-14,2014-07-06,2013-07-07
3,2014-07-20,2014-07-01,2014-06-01,5,2015,3,3,2013-07-21,2014-07-06,2013-07-07
4,2014-07-27,2014-07-01,2014-06-01,5,2015,4,4,2013-07-28,2014-07-06,2013-07-07
5,2014-08-03,2014-07-01,2014-06-01,5,2015,5,5,2013-08-04,2014-07-06,2013-07-07
6,2014-08-10,2014-08-01,2014-07-01,4,2015,1,6,2013-08-11,2014-07-06,2013-07-07
7,2014-08-17,2014-08-01,2014-07-01,4,2015,2,7,2013-08-18,2014-07-06,2013-07-07
8,2014-08-24,2014-08-01,2014-07-01,4,2015,3,8,2013-08-25,2014-07-06,2013-07-07
9,2014-08-31,2014-08-01,2014-07-01,4,2015,4,9,2013-09-01,2014-07-06,2013-07-07
10,2014-09-07,2014-09-01,2014-08-01,4,2015,1,10,2013-09-08,2014-07-06,2013-07-07
11,2014-09-14,2014-09-01,2014-08-01,4,2015,2,11,2013-09-15,2014-07-06,2013-07-07
12,2014-09-21,2014-09-01,2014-08-01,4,2015,3,12,2013-09-22,2014-07-06,2013-07-07
13,2014-09-28,2014-09-01,2014-08-01,4,2015,4,13,2013-09-29,2014-07-06,2013-07-07
14,2014-10-05,2014-10-01,2014-09-01,5,2015,1,14,2013-10-06,2014-07-06,2013-07-07
15,2014-10-12,2014-10-01,2014-09-01,5,2015,2,15,2013-10-13,2014-07-06,2013-07-07
16,2014-10-19,2014-10-01,2014-09-01,5,2015,3,16,2013-10-20,2014-07-06,2013-07-07
17,2014-10-26,2014-10-01,2014-09-01,5,2015,4,17,2013-10-27,2014-07-06,2013-07-07
18,2014-11-02,2014-10-01,2014-09-01,5,2015,5,18,2013-11-03,2014-07-06,2013-07-07
19,2014-11-09,2014-11-01,2014-10-01,4,2015,1,19,2013-11-10,2014-07-06,2013-07-07
20,2014-11-16,2014-11-01,2014-10-01,4,2015,2,20,2013-11-17,2014-07-06,2013-07-07
21,2014-11-23,2014-11-01,2014-10-01,4,2015,3,21,2013-11-24,2014-07-06,2013-07-07
22,2014-11-30,2014-11-01,2014-10-01,4,2015,4,22,2013-12-01,2014-07-06,2013-07-07
23,2014-12-07,2014-12-01,2014-11-01,4,2015,1,23,2013-12-08,2014-07-06,2013-07-07
24,2014-12-14,2014-12-01,2014-11-01,4,2015,2,24,2013-12-15,2014-07-06,2013-07-07
25,2014-12-21,2014-12-01,2014-11-01,4,2015,3,25,2013-12-22,2014-07-06,2013-07-07
26,2014-12-28,2014-12-01,2014-11-01,4,2015,4,26,2013-12-29,2014-07-06,2013-07-07
27,2015-01-04,2015-01-01,2014-12-01,5,2015,1,27,2014-01-05,2014-07-06,2013-07-07
28,2015-01-11,2015-01-01,2014-12-01,5,2015,2,28,2014-01-12,2014-07-06,2013-07-07
29,2015-01-18,2015-01-01,2014-12-01,5,2015,3,29,2014-01-19,2014-07-06,2013-07-07
30,2015-01-25,2015-01-01,2014-12-01,5,2015,4,30,2014-01-26,2014-07-06,2013-07-07
31,2015-02-01,2015-01-01,2014-12-01,5,2015,5,31,2014-02-02,2014-07-06,2013-07-07
32,2015-02-08,2015-02-01,2015-01-01,4,2015,1,32,2014-02-09,2014-07-06,2013-07-07
33,2015-02-15,2015-02-01,2015-01-01,4,2015,2,33,2014-02-16,2014-07-06,2013-07-07
34,2015-02-22,2015-02-01,2015-01-01,4,2015,3,34,2014-02-23,2014-07-06,2013-07-07
35,2015-03-01,2015-02-01,2015-01-01,4,2015,4,35,2014-03-02,2014-07-06,2013-07-07
36,2015-03-08,2015-03-01,2015-02-01,4,2015,1,36,2014-03-09,2014-07-06,2013-07-07
37,2015-03-15,2015-03-01,2015-02-01,4,2015,2,37,2014-03-16,2014-07-06,2013-07-07
38,2015-03-22,2015-03-01,2015-02-01,4,2015,3,38,2014-03-23,2014-07-06,2013-07-07
39,2015-03-29,2015-03-01,2015-02-01,4,2015,4,39,2014-03-30,2014-07-06,2013-07-07
40,2015-04-05,2015-04-01,2015-03-01,5,2015,1,40,2014-04-06,2014-07-06,2013-07-07
41,2015-04-12,2015-04-01,2015-03-01,5,2015,2,41,2014-04-13,2014-07-06,2013-07-07
42,2015-04-19,2015-04-01,2015-03-01,5,2015,3,42,2014-04-20,2014-07-06,2013-07-07
43,2015-04-26,2015-04-01,2015-03-01,5,2015,4,43,2014-04-27,2014-07-06,2013-07-07
44,2015-05-03,2015-04-01,2015-03-01,5,2015,5,44,2014-05-04,2014-07-06,2013-07-07
45,2015-05-10,2015-05-01,2015-04-01,4,2015,1,45,2014-05-11,2014-07-06,2013-07-07
46,2015-05-17,2015-05-01,2015-04-01,4,2015,2,46,2014-05-18,2014-07-06,2013-07-07
47,2015-05-24,2015-05-01,2015-04-01,4,2015,3,47,2014-05-25,2014-07-06,2013-07-07
48,2015-05-31,2015-05-01,2015-04-01,4,2015,4,48,2014-06-01,2014-07-06,2013-07-07
49,2015-06-07,2015-06-01,2015-05-01,4,2015,1,49,2014-06-08,2014-07-06,2013-07-07
50,2015-06-14,2015-06-01,2015-05-01,4,2015,2,50,2014-06-15,2014-07-06,2013-07-07
51,2015-06-21,2015-06-01,2015-05-01,4,2015,3,51,2014-06-22,2014-07-06,2013-07-07
52,2015-06-28,2015-06-01,2015-05-01,4,2015,4,52,2014-06-29,2014-07-06,2013-07-07
53,2015-07-05,2015-07-01,2015-06-01,5,2016,1,1,2014-07-06,2015-07-05,2014-07-06
54,2015-07-12,2015-07-01,2015-06-01,5,2016,2,2,2014-07-13,2015-07-05,2014-07-06
55,2015-07-19,2015-07-01,2015-06-01,5,2016,3,3,2014-07-20,2015-07-05,2014-07-06
56,2015-07-26,2015-07-01,2015-06-01,5,2016,4,4,2014-07-27,2015-07-05,2014-07-06
57,2015-08-02,2015-07-01,2015-06-01,5,2016,5,5,2014-08-03,2015-07-05,2014-07-06
58,2015-08-09,2015-08-01,2015-07-01,4,2016,1,6,2014-08-10,2015-07-05,2014-07-06
59,2015-08-16,2015-08-01,2015-07-01,4,2016,2,7,2014-08-17,2015-07-05,2014-07-06
60,2015-08-23,2015-08-01,2015-07-01,4,2016,3,8,2014-08-24,2015-07-05,2014-07-06
61,2015-08-30,2015-08-01,2015-07-01,4,2016,4,9,2014-08-31,2015-07-05,2014-07-06
62,2015-09-06,2015-09-01,2015-08-01,4,2016,1,10,2014-09-07,2015-07-05,2014-07-06
63,2015-09-13,2015-09-01,2015-08-01,4,2016,2,11,2014-09-14,2015-07-05,2014-07-06
64,2015-09-20,2015-09-01,2015-08-01,4,2016,3,12,2014-09-21,2015-07-05,2014-07-06
65,2015-09-27,2015-09-01,2015-08-01,4,2016,4,13,2014-09-28,2015-07-05,2014-07-06
66,2015-10-04,2015-10-01,2015-09-01,5,2016,1,14,2014-10-05,2015-07-05,2014-07-06
67,2015-10-11,2015-10-01,2015-09-01,5,2016,2,15,2014-10-12,2015-07-05,2014-07-06
68,2015-10-18,2015-10-01,2015-09-01,5,2016,3,16,2014-10-19,2015-07-05,2014-07-06
69,2015-10-25,2015-10-01,2015-09-01,5,2016,4,17,2014-10-26,2015-07-05,2014-07-06
70,2015-11-01,2015-10-01,2015-09-01,5,2016,5,18,2014-11-02,2015-07-05,2014-07-06
71,2015-11-08,2015-11-01,2015-10-01,4,2016,1,19,2014-11-09,2015-07-05,2014-07-06
72,2015-11-15,2015-11-01,2015-10-01,4,2016,2,20,2014-11-16,2015-07-05,2014-07-06
73,2015-11-22,2015-11-01,2015-10-01,4,2016,3,21,2014-11-23,2015-07-05,2014-07-06
74,2015-11-29,2015-11-01,2015-10-01,4,2016,4,22,2014-11-30,2015-07-05,2014-07-06
75,2015-12-06,2015-12-01,2015-11-01,4,2016,1,23,2014-12-07,2015-07-05,2014-07-06
76,2015-12-13,2015-12-01,2015-11-01,4,2016,2,24,2014-12-14,2015-07-05,2014-07-06
77,2015-12-20,2015-12-01,2015-11-01,4,2016,3,25,2014-12-21,2015-07-05,2014-07-06
78,2015-12-27,2015-12-01,2015-11-01,4,2016,4,26,2014-12-28,2015-07-05,2014-07-06
79,2016-01-03,2016-01-01,2015-12-01,5,2016,1,27,2015-01-04,2015-07-05,2014-07-06
80,2016-01-10,2016-01-01,2015-12-01,5,2016,2,28,2015-01-11,2015-07-05,2014-07-06
81,2016-01-17,2016-01-01,2015-12-01,5,2016,3,29,2015-01-18,2015-07-05,2014-07-06
82,2016-01-24,2016-01-01,2015-12-01,5,2016,4,30,2015-01-25,2015-07-05,2014-07-06
83,2016-01-31,2016-01-01,2015-12-01,5,2016,5,31,2015-02-01,2015-07-05,2014-07-06
84,2016-02-07,2016-02-01,2016-01-01,4,2016,1,32,2015-02-08,2015-07-05,2014-07-06
85,2016-02-14,2016-02-01,2016-01-01,4,2016,2,33,2015-02-15,2015-07-05,2014-07-06
86,2016-02-21,2016-02-01,2016-01-01,4,2016,3,34,2015-02-22,2015-07-05,2014-07-06
87,2016-02-28,2016-02-01,2016-01-01,4,2016,4,35,2015-03-01,2015-07-05,2014-07-06
88,2016-03-06,2016-03-01,2016-02-01,4,2016,1,36,2015-03-08,2015-07-05,2014-07-06
89,2016-03-13,2016-03-01,2016-02-01,4,2016,2,37,2015-03-15,2015-07-05,2014-07-06
90,2016-03-20,2016-03-01,2016-02-01,4,2016,3,38,2015-03-22,2015-07-05,2014-07-06
91,2016-03-27,2016-03-01,2016-02-01,4,2016,4,39,2015-03-29,2015-07-05,2014-07-06
92,2016-04-03,2016-04-01,2016-03-01,5,2016,1,40,2015-04-05,2015-07-05,2014-07-06
93,2016-04-10,2016-04-01,2016-03-01,5,2016,2,41,2015-04-12,2015-07-05,2014-07-06
94,2016-04-17,2016-04-01,2016-03-01,5,2016,3,42,2015-04-19,2015-07-05,2014-07-06
95,2016-04-24,2016-04-01,2016-03-01,5,2016,4,43,2015-04-26,2015-07-05,2014-07-06
96,2016-05-01,2016-04-01,2016-03-01,5,2016,5,44,2015-05-03,2015-07-05,2014-07-06
97,2016-05-08,2016-05-01,2016-04-01,4,2016,1,45,2015-05-10,2015-07-05,2014-07-06
98,2016-05-15,2016-05-01,2016-04-01,4,2016,2,46,2015-05-17,2015-07-05,2014-07-06
99,2016-05-22,2016-05-01,2016-04-01,4,2016,3,47,2015-05-24,2015-07-05,2014-07-06
100,2016-05-29,2016-05-01,2016-04-01,4,2016,4,48,2015-05-31,2015-07-05,2014-07-06
101,2016-06-05,2016-06-01,2016-05-01,5,2016,1,49,2015-06-07,2015-07-05,2014-07-06
102,2016-06-12,2016-06-01,2016-05-01,5,2016,2,50,2015-06-14,2015-07-05,2014-07-06
103,2016-06-19,2016-06-01,2016-05-01,5,2016,3,51,2015-06-21,2015-07-05,2014-07-06
104,2016-06-26,2016-06-01,2016-05-01,5,2016,4,52,2015-06-28,2015-07-05,2014-07-06
105,2016-07-03,2016-06-01,2016-05-01,5,2016,5,53,n/a,2015-07-05,2014-07-06
106,2016-07-10,2016-07-01,2016-06-01,5,2017,1,1,2015-07-05,2016-07-10,2015-07-05
107,2016-07-17,2016-07-01,2016-06-01,5,2017,2,2,2015-07-12,2016-07-10,2015-07-05
108,2016-07-24,2016-07-01,2016-06-01,5,2017,3,3,2015-07-19,2016-07-10,2015-07-05
109,2016-07-31,2016-07-01,2016-06-01,5,2017,4,4,2015-07-26,2016-07-10,2015-07-05
110,2016-08-07,2016-07-01,2016-06-01,5,2017,5,5,2015-08-02,2016-07-10,2015-07-05
111,2016-08-14,2016-08-01,2016-07-01,4,2017,1,6,2015-08-09,2016-07-10,2015-07-05
112,2016-08-21,2016-08-01,2016-07-01,4,2017,2,7,2015-08-16,2016-07-10,2015-07-05
113,2016-08-28,2016-08-01,2016-07-01,4,2017,3,8,2015-08-23,2016-07-10,2015-07-05
114,2016-09-04,2016-08-01,2016-07-01,4,2017,4,9,2015-08-30,2016-07-10,2015-07-05
115,2016-09-11,2016-09-01,2016-08-01,4,2017,1,10,2015-09-06,2016-07-10,2015-07-05
116,2016-09-18,2016-09-01,2016-08-01,4,2017,2,11,2015-09-13,2016-07-10,2015-07-05
117,2016-09-25,2016-09-01,2016-08-01,4,2017,3,12,2015-09-20,2016-07-10,2015-07-05
118,2016-10-02,2016-09-01,2016-08-01,4,2017,4,13,2015-09-27,2016-07-10,2015-07-05
119,2016-10-09,2016-10-01,2016-09-01,5,2017,1,14,2015-10-04,2016-07-10,2015-07-05
120,2016-10-16,2016-10-01,2016-09-01,5,2017,2,15,2015-10-11,2016-07-10,2015-07-05
121,2016-10-23,2016-10-01,2016-09-01,5,2017,3,16,2015-10-18,2016-07-10,2015-07-05
122,2016-10-30,2016-10-01,2016-09-01,5,2017,4,17,2015-10-25,2016-07-10,2015-07-05
123,2016-11-06,2016-10-01,2016-09-01,5,2017,5,18,2015-11-01,2016-07-10,2015-07-05
124,2016-11-13,2016-11-01,2016-10-01,4,2017,1,19,2015-11-08,2016-07-10,2015-07-05
125,2016-11-20,2016-11-01,2016-10-01,4,2017,2,20,2015-11-15,2016-07-10,2015-07-05
126,2016-11-27,2016-11-01,2016-10-01,4,2017,3,21,2015-11-22,2016-07-10,2015-07-05
127,2016-12-04,2016-11-01,2016-10-01,4,2017,4,22,2015-11-29,2016-07-10,2015-07-05
128,2016-12-11,2016-12-01,2016-11-01,4,2017,1,23,2015-12-06,2016-07-10,2015-07-05
129,2016-12-18,2016-12-01,2016-11-01,4,2017,2,24,2015-12-13,2016-07-10,2015-07-05
130,2016-12-25,2016-12-01,2016-11-01,4,2017,3,25,2015-12-20,2016-07-10,2015-07-05
131,2017-01-01,2016-12-01,2016-11-01,4,2017,4,26,2015-12-27,2016-07-10,2015-07-05
132,2017-01-08,2017-01-01,2016-12-01,5,2017,1,27,2016-01-03,2016-07-10,2015-07-05
133,2017-01-15,2017-01-01,2016-12-01,5,2017,2,28,2016-01-10,2016-07-10,2015-07-05
134,2017-01-22,2017-01-01,2016-12-01,5,2017,3,29,2016-01-17,2016-07-10,2015-07-05
135,2017-01-29,2017-01-01,2016-12-01,5,2017,4,30,2016-01-24,2016-07-10,2015-07-05
136,2017-02-05,2017-01-01,2016-12-01,5,2017,5,31,2016-01-31,2016-07-10,2015-07-05
137,2017-02-12,2017-02-01,2017-01-01,4,2017,1,32,2016-02-07,2016-07-10,2015-07-05
138,2017-02-19,2017-02-01,2017-01-01,4,2017,2,33,2016-02-14,2016-07-10,2015-07-05
139,2017-02-26,2017-02-01,2017-01-01,4,2017,3,34,2016-02-21,2016-07-10,2015-07-05
140,2017-03-05,2017-02-01,2017-01-01,4,2017,4,35,2016-02-28,2016-07-10,2015-07-05
141,2017-03-12,2017-03-01,2017-02-01,4,2017,1,36,2016-03-06,2016-07-10,2015-07-05
142,2017-03-19,2017-03-01,2017-02-01,4,2017,2,37,2016-03-13,2016-07-10,2015-07-05
143,2017-03-26,2017-03-01,2017-02-01,4,2017,3,38,2016-03-20,2016-07-10,2015-07-05
144,2017-04-02,2017-03-01,2017-02-01,4,2017,4,39,2016-03-27,2016-07-10,2015-07-05
145,2017-04-09,2017-04-01,2017-03-01,5,2017,1,40,2016-04-03,2016-07-10,2015-07-05
146,2017-04-16,2017-04-01,2017-03-01,5,2017,2,41,2016-04-10,2016-07-10,2015-07-05
147,2017-04-23,2017-04-01,2017-03-01,5,2017,3,42,2016-04-17,2016-07-10,2015-07-05
148,2017-04-30,2017-04-01,2017-03-01,5,2017,4,43,2016-04-24,2016-07-10,2015-07-05
149,2017-05-07,2017-04-01,2017-03-01,5,2017,5,44,2016-05-01,2016-07-10,2015-07-05
150,2017-05-14,2017-05-01,2017-04-01,4,2017,1,45,2016-05-08,2016-07-10,2015-07-05
151,2017-05-21,2017-05-01,2017-04-01,4,2017,2,46,2016-05-15,2016-07-10,2015-07-05
152,2017-05-28,2017-05-01,2017-04-01,4,2017,3,47,2016-05-22,2016-07-10,2015-07-05
153,2017-06-04,2017-05-01,2017-04-01,4,2017,4,48,2016-05-29,2016-07-10,2015-07-05
154,2017-06-11,2017-06-01,2017-05-01,5,2017,1,49,2016-06-05,2016-07-10,2015-07-05
155,2017-06-18,2017-06-01,2017-05-01,5,2017,2,50,2016-06-12,2016-07-10,2015-07-05
156,2017-06-25,2017-06-01,2017-05-01,5,2017,3,51,2016-06-19,2016-07-10,2015-07-05
157,2017-07-02,2017-06-01,2017-05-01,5,2017,4,52,2016-06-26,2016-07-10,2015-07-05
158,2017-07-09,2017-07-01,2017-06-01,5,2018,1,1,2016-07-10,2017-07-09,2016-07-10
159,2017-07-16,2017-07-01,2017-06-01,5,2018,2,2,2016-07-17,2017-07-09,2016-07-10
160,2017-07-23,2017-07-01,2017-06-01,5,2018,3,3,2016-07-24,2017-07-09,2016-07-10
161,2017-07-30,2017-07-01,2017-06-01,5,2018,4,4,2016-07-31,2017-07-09,2016-07-10
162,2017-08-06,2017-07-01,2017-06-01,5,2018,5,5,2016-08-07,2017-07-09,2016-07-10
163,2017-08-13,2017-08-01,2017-07-01,4,2018,1,6,2016-08-14,2017-07-09,2016-07-10
164,2017-08-20,2017-08-01,2017-07-01,4,2018,2,7,2016-08-21,2017-07-09,2016-07-10
165,2017-08-27,2017-08-01,2017-07-01,4,2018,3,8,2016-08-28,2017-07-09,2016-07-10
166,2017-09-03,2017-08-01,2017-07-01,4,2018,4,9,2016-09-04,2017-07-09,2016-07-10
167,2017-09-10,2017-09-01,2017-08-01,4,2018,1,10,2016-09-11,2017-07-09,2016-07-10
168,2017-09-17,2017-09-01,2017-08-01,4,2018,2,11,2016-09-18,2017-07-09,2016-07-10
169,2017-09-24,2017-09-01,2017-08-01,4,2018,3,12,2016-09-25,2017-07-09,2016-07-10
170,2017-10-01,2017-09-01,2017-08-01,4,2018,4,13,2016-10-02,2017-07-09,2016-07-10
171,2017-10-08,2017-10-01,2017-09-01,5,2018,1,14,2016-10-09,2017-07-09,2016-07-10
172,2017-10-15,2017-10-01,2017-09-01,5,2018,2,15,2016-10-16,2017-07-09,2016-07-10
173,2017-10-22,2017-10-01,2017-09-01,5,2018,3,16,2016-10-23,2017-07-09,2016-07-10
174,2017-10-29,2017-10-01,2017-09-01,5,2018,4,17,2016-10-30,2017-07-09,2016-07-10
175,2017-11-05,2017-10-01,2017-09-01,5,2018,5,18,2016-11-06,2017-07-09,2016-07-10
176,2017-11-12,2017-11-01,2017-10-01,4,2018,1,19,2016-11-13,2017-07-09,2016-07-10
177,2017-11-19,2017-11-01,2017-10-01,4,2018,2,20,2016-11-20,2017-07-09,2016-07-10
178,2017-11-26,2017-11-01,2017-10-01,4,2018,3,21,2016-11-27,2017-07-09,2016-07-10
179,2017-12-03,2017-11-01,2017-10-01,4,2018,4,22,2016-12-04,2017-07-09,2016-07-10
180,2017-12-10,2017-12-01,2017-11-01,4,2018,1,23,2016-12-11,2017-07-09,2016-07-10
181,2017-12-17,2017-12-01,2017-11-01,4,2018,2,24,2016-12-18,2017-07-09,2016-07-10
182,2017-12-24,2017-12-01,2017-11-01,4,2018,3,25,2016-12-25,2017-07-09,2016-07-10
183,2017-12-31,2017-12-01,2017-11-01,4,2018,4,26,2017-01-01,2017-07-09,2016-07-10
184,2018-01-07,2018-01-01,2017-12-01,5,2018,1,27,2017-01-08,2017-07-09,2016-07-10
185,2018-01-14,2018-01-01,2017-12-01,5,2018,2,28,2017-01-15,2017-07-09,2016-07-10
186,2018-01-21,2018-01-01,2017-12-01,5,2018,3,29,2017-01-22,2017-07-09,2016-07-10
187,2018-01-28,2018-01-01,2017-12-01,5,2018,4,30,2017-01-29,2017-07-09,2016-07-10
188,2018-02-04,2018-01-01,2017-12-01,5,2018,5,31,2017-02-05,2017-07-09,2016-07-10
189,2018-02-11,2018-02-01,2018-01-01,4,2018,1,32,2017-02-12,2017-07-09,2016-07-10
190,2018-02-18,2018-02-01,2018-01-01,4,2018,2,33,2017-02-19,2017-07-09,2016-07-10
191,2018-02-25,2018-02-01,2018-01-01,4,2018,3,34,2017-02-26,2017-07-09,2016-07-10
192,2018-03-04,2018-02-01,2018-01-01,4,2018,4,35,2017-03-05,2017-07-09,2016-07-10
193,2018-03-11,2018-03-01,2018-02-01,4,2018,1,36,2017-03-12,2017-07-09,2016-07-10
194,2018-03-18,2018-03-01,2018-02-01,4,2018,2,37,2017-03-19,2017-07-09,2016-07-10
195,2018-03-25,2018-03-01,2018-02-01,4,2018,3,38,2017-03-26,2017-07-09,2016-07-10
196,2018-04-01,2018-03-01,2018-02-01,4,2018,4,39,2017-04-02,2017-07-09,2016-07-10
197,2018-04-08,2018-04-01,2018-03-01,5,2018,1,40,2017-04-09,2017-07-09,2016-07-10
198,2018-04-15,2018-04-01,2018-03-01,5,2018,2,41,2017-04-16,2017-07-09,2016-07-10
199,2018-04-22,2018-04-01,2018-03-01,5,2018,3,42,2017-04-23,2017-07-09,2016-07-10
200,2018-04-29,2018-04-01,2018-03-01,5,2018,4,43,2017-04-30,2017-07-09,2016-07-10
201,2018-05-06,2018-04-01,2018-03-01,5,2018,5,44,2017-05-07,2017-07-09,2016-07-10
202,2018-05-13,2018-05-01,2018-04-01,4,2018,1,45,2017-05-14,2017-07-09,2016-07-10
203,2018-05-20,2018-05-01,2018-04-01,4,2018,2,46,2017-05-21,2017-07-09,2016-07-10
204,2018-05-27,2018-05-01,2018-04-01,4,2018,3,47,2017-05-28,2017-07-09,2016-07-10
205,2018-06-03,2018-05-01,2018-04-01,4,2018,4,48,2017-06-04,2017-07-09,2016-07-10
206,2018-06-10,2018-06-01,2018-05-01,5,2018,1,49,2017-06-11,2017-07-09,2016-07-10
207,2018-06-17,2018-06-01,2018-05-01,5,2018,2,50,2017-06-18,2017-07-09,2016-07-10
208,2018-06-24,2018-06-01,2018-05-01,5,2018,3,51,2017-06-25,2017-07-09,2016-07-10
209,2018-07-01,2018-06-01,2018-05-01,5,2018,4,52,2017-07-02,2017-07-09,2016-07-10
210,2018-07-08,2018-07-01,2018-06-01,5,2019,1,1,2017-07-09,2018-07-02,2017-07-09
211,2018-07-15,2018-07-01,2018-06-01,5,2019,2,2,2017-07-16,2018-07-02,2017-07-09
212,2018-07-22,2018-07-01,2018-06-01,5,2019,3,3,2017-07-23,2018-07-02,2017-07-09
213,2018-07-29,2018-07-01,2018-06-01,5,2019,4,4,2017-07-30,2018-07-02,2017-07-09
214,2018-08-05,2018-07-01,2018-06-01,5,2019,5,5,2017-08-06,2018-07-02,2017-07-09
215,2018-08-12,2018-08-01,2018-07-01,4,2019,1,6,2017-08-13,2018-07-02,2017-07-09
216,2018-08-19,2018-08-01,2018-07-01,4,2019,2,7,2017-08-20,2018-07-02,2017-07-09
217,2018-08-26,2018-08-01,2018-07-01,4,2019,3,8,2017-08-27,2018-07-02,2017-07-09
218,2018-09-02,2018-08-01,2018-07-01,4,2019,4,9,2017-09-03,2018-07-02,2017-07-09
219,2018-09-09,2018-09-01,2018-08-01,4,2019,1,10,2017-09-10,2018-07-02,2017-07-09
220,2018-09-16,2018-09-01,2018-08-01,4,2019,2,11,2017-09-17,2018-07-02,2017-07-09
221,2018-09-23,2018-09-01,2018-08-01,4,2019,3,12,2017-09-24,2018-07-02,2017-07-09
222,2018-09-30,2018-09-01,2018-08-01,4,2019,4,13,2017-10-01,2018-07-02,2017-07-09
223,2018-10-07,2018-10-01,2018-09-01,5,2019,1,14,2017-10-08,2018-07-02,2017-07-09
224,2018-10-14,2018-10-01,2018-09-01,5,2019,2,15,2017-10-15,2018-07-02,2017-07-09
225,2018-10-21,2018-10-01,2018-09-01,5,2019,3,16,2017-10-22,2018-07-02,2017-07-09
226,2018-10-28,2018-10-01,2018-09-01,5,2019,4,17,2017-10-29,2018-07-02,2017-07-09
227,2018-11-04,2018-10-01,2018-09-01,5,2019,5,18,2017-11-05,2018-07-02,2017-07-09
228,2018-11-11,2018-11-01,2018-10-01,4,2019,1,19,2017-11-12,2018-07-02,2017-07-09
229,2018-11-18,2018-11-01,2018-10-01,4,2019,2,20,2017-11-19,2018-07-02,2017-07-09
230,2018-11-25,2018-11-01,2018-10-01,4,2019,3,21,2017-11-26,2018-07-02,2017-07-09
231,2018-12-02,2018-11-01,2018-10-01,4,2019,4,22,2017-12-03,2018-07-02,2017-07-09
232,2018-12-09,2018-12-01,2018-11-01,4,2019,1,23,2017-12-10,2018-07-02,2017-07-09
233,2018-12-16,2018-12-01,2018-11-01,4,2019,2,24,2017-12-17,2018-07-02,2017-07-09
234,2018-12-23,2018-12-01,2018-11-01,4,2019,3,25,2017-12-24,2018-07-02,2017-07-09
235,2018-12-30,2018-12-01,2018-11-01,4,2019,4,26,2017-12-31,2018-07-02,2017-07-09
236,2019-01-06,2019-01-01,2018-12-01,5,2019,1,27,2018-01-07,2018-07-02,2017-07-09
237,2019-01-13,2019-01-01,2018-12-01,5,2019,2,28,2018-01-14,2018-07-02,2017-07-09
238,2019-01-20,2019-01-01,2018-12-01,5,2019,3,29,2018-01-21,2018-07-02,2017-07-09
239,2019-01-27,2019-01-01,2018-12-01,5,2019,4,30,2018-01-28,2018-07-02,2017-07-09
240,2019-02-03,2019-01-01,2018-12-01,5,2019,5,31,2018-02-04,2018-07-02,2017-07-09
241,2019-02-10,2019-02-01,2019-01-01,4,2019,1,32,2018-02-11,2018-07-02,2017-07-09
242,2019-02-17,2019-02-01,2019-01-01,4,2019,2,33,2018-02-18,2018-07-02,2017-07-09
243,2019-02-24,2019-02-01,2019-01-01,4,2019,3,34,2018-02-25,2018-07-02,2017-07-09
244,2019-03-03,2019-02-01,2019-01-01,4,2019,4,35,2018-03-04,2018-07-02,2017-07-09
245,2019-03-10,2019-03-01,2019-02-01,4,2019,1,36,2018-03-11,2018-07-02,2017-07-09
246,2019-03-17,2019-03-01,2019-02-01,4,2019,2,37,2018-03-18,2018-07-02,2017-07-09
247,2019-03-24,2019-03-01,2019-02-01,4,2019,3,38,2018-03-25,2018-07-02,2017-07-09
248,2019-03-31,2019-03-01,2019-02-01,4,2019,4,39,2018-04-01,2018-07-02,2017-07-09
249,2019-04-07,2019-04-01,2019-03-01,5,2019,1,40,2018-04-08,2018-07-02,2017-07-09
250,2019-04-14,2019-04-01,2019-03-01,5,2019,2,41,2018-04-15,2018-07-02,2017-07-09
251,2019-04-21,2019-04-01,2019-03-01,5,2019,3,42,2018-04-22,2018-07-02,2017-07-09
252,2019-04-28,2019-04-01,2019-03-01,5,2019,4,43,2018-04-29,2018-07-02,2017-07-09
253,2019-05-05,2019-04-01,2019-03-01,5,2019,5,44,2018-05-06,2018-07-02,2017-07-09
254,2019-05-12,2019-05-01,2019-04-01,4,2019,1,45,2018-05-13,2018-07-02,2017-07-09
255,2019-05-19,2019-05-01,2019-04-01,4,2019,2,46,2018-05-20,2018-07-02,2017-07-09
256,2019-05-26,2019-05-01,2019-04-01,4,2019,3,47,2018-05-27,2018-07-02,2017-07-09
257,2019-06-02,2019-05-01,2019-04-01,4,2019,4,48,2018-06-03,2018-07-02,2017-07-09
258,2019-06-09,2019-06-01,2019-05-01,5,2019,1,49,2018-06-10,2018-07-02,2017-07-09
259,2019-06-16,2019-06-01,2019-05-01,5,2019,2,50,2018-06-17,2018-07-02,2017-07-09
260,2019-06-23,2019-06-01,2019-05-01,5,2019,3,51,2018-06-24,2018-07-02,2017-07-09
261,2019-06-30,2019-06-01,2019-05-01,5,2019,4,52,2018-07-01,2018-07-02,2017-07-09
262,2019-07-07,2019-07-01,2019-06-01,5,2020,1,1,2018-07-08,2019-07-01,2018-07-01
263,2019-07-14,2019-07-01,2019-06-01,5,2020,2,2,2018-07-15,2019-07-01,2018-07-01
264,2019-07-21,2019-07-01,2019-06-01,5,2020,3,3,2018-07-22,2019-07-01,2018-07-01
265,2019-07-28,2019-07-01,2019-06-01,5,2020,4,4,2018-07-29,2019-07-01,2018-07-01
266,2019-08-04,2019-07-01,2019-06-01,5,2020,5,5,2018-08-05,2019-07-01,2018-07-01
267,2019-08-11,2019-08-01,2019-07-01,4,2020,1,6,2018-08-12,2019-07-01,2018-07-01
268,2019-08-18,2019-08-01,2019-07-01,4,2020,2,7,2018-08-19,2019-07-01,2018-07-01
269,2019-08-25,2019-08-01,2019-07-01,4,2020,3,8,2018-08-26,2019-07-01,2018-07-01
270,2019-09-01,2019-08-01,2019-07-01,4,2020,4,9,2018-09-02,2019-07-01,2018-07-01
271,2019-09-08,2019-09-01,2019-08-01,4,2020,1,10,2018-09-09,2019-07-01,2018-07-01
272,2019-09-15,2019-09-01,2019-08-01,4,2020,2,11,2018-09-16,2019-07-01,2018-07-01
273,2019-09-22,2019-09-01,2019-08-01,4,2020,3,12,2018-09-23,2019-07-01,2018-07-01
274,2019-09-29,2019-09-01,2019-08-01,4,2020,4,13,2018-09-30,2019-07-01,2018-07-01
275,2019-10-06,2019-10-01,2019-09-01,5,2020,1,14,2018-10-07,2019-07-01,2018-07-01
276,2019-10-13,2019-10-01,2019-09-01,5,2020,2,15,2018-10-14,2019-07-01,2018-07-01
277,2019-10-20,2019-10-01,2019-09-01,5,2020,3,16,2018-10-21,2019-07-01,2018-07-01
278,2019-10-27,2019-10-01,2019-09-01,5,2020,4,17,2018-10-28,2019-07-01,2018-07-01
279,2019-11-03,2019-10-01,2019-09-01,5,2020,5,18,2018-11-04,2019-07-01,2018-07-01
280,2019-11-10,2019-11-01,2019-10-01,4,2020,1,19,2018-11-11,2019-07-01,2018-07-01
281,2019-11-17,2019-11-01,2019-10-01,4,2020,2,20,2018-11-18,2019-07-01,2018-07-01
282,2019-11-24,2019-11-01,2019-10-01,4,2020,3,21,2018-11-25,2019-07-01,2018-07-01
283,2019-12-01,2019-11-01,2019-10-01,4,2020,4,22,2018-12-02,2019-07-01,2018-07-01
284,2019-12-08,2019-12-01,2019-11-01,4,2020,1,23,2018-12-09,2019-07-01,2018-07-01
285,2019-12-15,2019-12-01,2019-11-01,4,2020,2,24,2018-12-16,2019-07-01,2018-07-01
286,2019-12-22,2019-12-01,2019-11-01,4,2020,3,25,2018-12-23,2019-07-01,2018-07-01
287,2019-12-29,2019-12-01,2019-11-01,4,2020,4,26,2018-12-30,2019-07-01,2018-07-01
288,2020-01-05,2020-01-01,2019-12-01,5,2020,1,27,2019-01-06,2019-07-01,2018-07-01
289,2020-01-12,2020-01-01,2019-12-01,5,2020,2,28,2019-01-13,2019-07-01,2018-07-01
290,2020-01-19,2020-01-01,2019-12-01,5,2020,3,29,2019-01-20,2019-07-01,2018-07-01
291,2020-01-26,2020-01-01,2019-12-01,5,2020,4,30,2019-01-27,2019-07-01,2018-07-01
292,2020-02-02,2020-01-01,2019-12-01,5,2020,5,31,2019-02-03,2019-07-01,2018-07-01
293,2020-02-09,2020-02-01,2020-01-01,4,2020,1,32,2019-02-10,2019-07-01,2018-07-01
294,2020-02-16,2020-02-01,2020-01-01,4,2020,2,33,2019-02-17,2019-07-01,2018-07-01
295,2020-02-23,2020-02-01,2020-01-01,4,2020,3,34,2019-02-24,2019-07-01,2018-07-01
296,2020-03-01,2020-02-01,2020-01-01,4,2020,4,35,2019-03-03,2019-07-01,2018-07-01
297,2020-03-08,2020-03-01,2020-02-01,4,2020,1,36,2019-03-10,2019-07-01,2018-07-01
298,2020-03-15,2020-03-01,2020-02-01,4,2020,2,37,2019-03-17,2019-07-01,2018-07-01
299,2020-03-22,2020-03-01,2020-02-01,4,2020,3,38,2019-03-24,2019-07-01,2018-07-01
300,2020-03-29,2020-03-01,2020-02-01,4,2020,4,39,2019-03-31,2019-07-01,2018-07-01
301,2020-04-05,2020-04-01,2020-03-01,5,2020,1,40,2019-04-07,2019-07-01,2018-07-01
302,2020-04-12,2020-04-01,2020-03-01,5,2020,2,41,2019-04-14,2019-07-01,2018-07-01
303,2020-04-19,2020-04-01,2020-03-01,5,2020,3,42,2019-04-21,2019-07-01,2018-07-01
304,2020-04-26,2020-04-01,2020-03-01,5,2020,4,43,2019-04-28,2019-07-01,2018-07-01
305,2020-05-03,2020-04-01,2020-03-01,5,2020,5,44,2019-05-05,2019-07-01,2018-07-01
306,2020-05-10,2020-05-01,2020-04-01,4,2020,1,45,2019-05-12,2019-07-01,2018-07-01
307,2020-05-17,2020-05-01,2020-04-01,4,2020,2,46,2019-05-19,2019-07-01,2018-07-01
308,2020-05-24,2020-05-01,2020-04-01,4,2020,3,47,2019-05-26,2019-07-01,2018-07-01
309,2020-05-31,2020-05-01,2020-04-01,4,2020,4,48,2019-06-02,2019-07-01,2018-07-01
310,2020-06-07,2020-06-01,2020-05-01,5,2020,1,49,2019-06-09,2019-07-01,2018-07-01
311,2020-06-14,2020-06-01,2020-05-01,5,2020,2,50,2019-06-16,2019-07-01,2018-07-01
312,2020-06-21,2020-06-01,2020-05-01,5,2020,3,51,2019-06-23,2019-07-01,2018-07-01
313,2020-06-28,2020-06-01,2020-05-01,5,2020,4,52,2019-06-30,2019-07-01,2018-07-01
314,2020-07-05,2020-07-01,2020-06-01,5,2021,1,1,2019-07-07,2020-06-29,2019-07-01
315,2020-07-12,2020-07-01,2020-06-01,5,2021,2,2,2019-07-14,2020-06-29,2019-07-01
316,2020-07-19,2020-07-01,2020-06-01,5,2021,3,3,2019-07-21,2020-06-29,2019-07-01
317,2020-07-26,2020-07-01,2020-06-01,5,2021,4,4,2019-07-28,2020-06-29,2019-07-01
318,2020-08-02,2020-07-01,2020-06-01,5,2021,5,5,2019-08-04,2020-06-29,2019-07-01
319,2020-08-09,2020-08-01,2020-07-01,4,2021,1,6,2019-08-11,2020-06-29,2019-07-01
320,2020-08-16,2020-08-01,2020-07-01,4,2021,2,7,2019-08-18,2020-06-29,2019-07-01
321,2020-08-23,2020-08-01,2020-07-01,4,2021,3,8,2019-08-25,2020-06-29,2019-07-01
322,2020-08-30,2020-08-01,2020-07-01,4,2021,4,9,2019-09-01,2020-06-29,2019-07-01
323,2020-09-06,2020-09-01,2020-08-01,4,2021,1,10,2019-09-08,2020-06-29,2019-07-01
324,2020-09-13,2020-09-01,2020-08-01,4,2021,2,11,2019-09-15,2020-06-29,2019-07-01
325,2020-09-20,2020-09-01,2020-08-01,4,2021,3,12,2019-09-22,2020-06-29,2019-07-01
326,2020-09-27,2020-09-01,2020-08-01,4,2021,4,13,2019-09-29,2020-06-29,2019-07-01
327,2020-10-04,2020-10-01,2020-09-01,5,2021,1,14,2019-10-06,2020-06-29,2019-07-01
328,2020-10-11,2020-10-01,2020-09-01,5,2021,2,15,2019-10-13,2020-06-29,2019-07-01
329,2020-10-18,2020-10-01,2020-09-01,5,2021,3,16,2019-10-20,2020-06-29,2019-07-01
330,2020-10-25,2020-10-01,2020-09-01,5,2021,4,17,2019-10-27,2020-06-29,2019-07-01
331,2020-11-01,2020-10-01,2020-09-01,5,2021,5,18,2019-11-03,2020-06-29,2019-07-01
332,2020-11-08,2020-11-01,2020-10-01,4,2021,1,19,2019-11-10,2020-06-29,2019-07-01
333,2020-11-15,2020-11-01,2020-10-01,4,2021,2,20,2019-11-17,2020-06-29,2019-07-01
334,2020-11-22,2020-11-01,2020-10-01,4,2021,3,21,2019-11-24,2020-06-29,2019-07-01
335,2020-11-29,2020-11-01,2020-10-01,4,2021,4,22,2019-12-01,2020-06-29,2019-07-01
336,2020-12-06,2020-12-01,2020-11-01,4,2021,1,23,2019-12-08,2020-06-29,2019-07-01
337,2020-12-13,2020-12-01,2020-11-01,4,2021,2,24,2019-12-15,2020-06-29,2019-07-01
338,2020-12-20,2020-12-01,2020-11-01,4,2021,3,25,2019-12-22,2020-06-29,2019-07-01
339,2020-12-27,2020-12-01,2020-11-01,4,2021,4,26,2019-12-29,2020-06-29,2019-07-01
340,2021-01-03,2021-01-01,2020-12-01,5,2021,1,27,2020-01-05,2020-06-29,2019-07-01
341,2021-01-10,2021-01-01,2020-12-01,5,2021,2,28,2020-01-12,2020-06-29,2019-07-01
342,2021-01-17,2021-01-01,2020-12-01,5,2021,3,29,2020-01-19,2020-06-29,2019-07-01
343,2021-01-24,2021-01-01,2020-12-01,5,2021,4,30,2020-01-26,2020-06-29,2019-07-01
344,2021-01-31,2021-01-01,2020-12-01,5,2021,5,31,2020-02-02,2020-06-29,2019-07-01
345,2021-02-07,2021-02-01,2021-01-01,4,2021,1,32,2020-02-09,2020-06-29,2019-07-01
346,2021-02-14,2021-02-01,2021-01-01,4,2021,2,33,2020-02-16,2020-06-29,2019-07-01
347,2021-02-21,2021-02-01,2021-01-01,4,2021,3,34,2020-02-23,2020-06-29,2019-07-01
348,2021-02-28,2021-02-01,2021-01-01,4,2021,4,35,2020-03-01,2020-06-29,2019-07-01
349,2021-03-07,2021-03-01,2021-02-01,4,2021,1,36,2020-03-08,2020-06-29,2019-07-01
350,2021-03-14,2021-03-01,2021-02-01,4,2021,2,37,2020-03-15,2020-06-29,2019-07-01
351,2021-03-21,2021-03-01,2021-02-01,4,2021,3,38,2020-03-22,2020-06-29,2019-07-01
352,2021-03-28,2021-03-01,2021-02-01,4,2021,4,39,2020-03-29,2020-06-29,2019-07-01
353,2021-04-04,2021-04-01,2021-03-01,5,2021,1,40,2020-04-05,2020-06-29,2019-07-01
354,2021-04-11,2021-04-01,2021-03-01,5,2021,2,41,2020-04-12,2020-06-29,2019-07-01
355,2021-04-18,2021-04-01,2021-03-01,5,2021,3,42,2020-04-19,2020-06-29,2019-07-01
356,2021-04-25,2021-04-01,2021-03-01,5,2021,4,43,2020-04-26,2020-06-29,2019-07-01
357,2021-05-02,2021-04-01,2021-03-01,5,2021,5,44,2020-05-03,2020-06-29,2019-07-01
358,2021-05-09,2021-05-01,2021-04-01,4,2021,1,45,2020-05-10,2020-06-29,2019-07-01
359,2021-05-16,2021-05-01,2021-04-01,4,2021,2,46,2020-05-17,2020-06-29,2019-07-01
360,2021-05-23,2021-05-01,2021-04-01,4,2021,3,47,2020-05-24,2020-06-29,2019-07-01
361,2021-05-30,2021-05-01,2021-04-01,4,2021,4,48,2020-05-31,2020-06-29,2019-07-01
362,2021-06-06,2021-06-01,2021-05-01,5,2021,1,49,2020-06-07,2020-06-29,2019-07-01
363,2021-06-13,2021-06-01,2021-05-01,5,2021,2,50,2020-06-14,2020-06-29,2019-07-01
364,2021-06-20,2021-06-01,2021-05-01,5,2021,3,51,2020-06-21,2020-06-29,2019-07-01
365,2021-06-27,2021-06-01,2021-05-01,5,2021,4,52,2020-06-28,2020-06-29,2019-07-01
366,2021-07-04,2021-07-01,2021-06-01,5,2022,1,1,2020-07-05,2021-06-28,2020-06-29
367,2021-07-11,2021-07-01,2021-06-01,5,2022,2,2,2020-07-12,2021-06-28,2020-06-29
368,2021-07-18,2021-07-01,2021-06-01,5,2022,3,3,2020-07-19,2021-06-28,2020-06-29
369,2021-07-25,2021-07-01,2021-06-01,5,2022,4,4,2020-07-26,2021-06-28,2020-06-29
370,2021-08-01,2021-07-01,2021-07-01,5,2022,5,5,2020-08-02,2021-06-28,2020-06-29
371,2021-08-08,2021-08-01,2021-07-01,4,2022,1,6,2020-08-09,2021-06-28,2020-06-29
372,2021-08-15,2021-08-01,2021-07-01,4,2022,2,7,2020-08-16,2021-06-28,2020-06-29
373,2021-08-22,2021-08-01,2021-07-01,4,2022,3,8,2020-08-23,2021-06-28,2020-06-29
374,2021-08-29,2021-08-01,2021-07-01,4,2022,4,9,2020-08-30,2021-06-28,2020-06-29
375,2021-09-05,2021-09-01,2021-08-01,4,2022,1,10,2020-09-06,2021-06-28,2020-06-29
376,2021-09-12,2021-09-01,2021-08-01,4,2022,2,11,2020-09-13,2021-06-28,2020-06-29
377,2021-09-19,2021-09-01,2021-08-01,4,2022,3,12,2020-09-20,2021-06-28,2020-06-29
378,2021-09-26,2021-09-01,2021-08-01,4,2022,4,13,2020-09-27,2021-06-28,2020-06-29
379,2021-10-03,2021-10-01,2021-09-01,5,2022,1,14,2020-10-04,2021-06-28,2020-06-29
380,2021-10-10,2021-10-01,2021-09-01,5,2022,2,15,2020-10-11,2021-06-28,2020-06-29
381,2021-10-17,2021-10-01,2021-09-01,5,2022,3,16,2020-10-18,2021-06-28,2020-06-29
382,2021-10-24,2021-10-01,2021-09-01,5,2022,4,17,2020-10-25,2021-06-28,2020-06-29
383,2021-10-31,2021-10-01,2021-10-01,5,2022,5,18,2020-11-01,2021-06-28,2020-06-29
384,2021-11-07,2021-11-01,2021-10-01,4,2022,1,19,2020-11-08,2021-06-28,2020-06-29
385,2021-11-14,2021-11-01,2021-10-01,4,2022,2,20,2020-11-15,2021-06-28,2020-06-29
386,2021-11-21,2021-11-01,2021-10-01,4,2022,3,21,2020-11-22,2021-06-28,2020-06-29
387,2021-11-28,2021-11-01,2021-10-01,4,2022,4,22,2020-11-29,2021-06-28,2020-06-29
388,2021-12-05,2021-12-01,2021-11-01,4,2022,1,23,2020-12-06,2021-06-28,2020-06-29
389,2021-12-12,2021-12-01,2021-11-01,4,2022,2,24,2020-12-13,2021-06-28,2020-06-29
390,2021-12-19,2021-12-01,2021-11-01,4,2022,3,25,2020-12-20,2021-06-28,2020-06-29
391,2021-12-26,2021-12-01,2021-11-01,4,2022,4,26,2020-12-27,2021-06-28,2020-06-29
392,2022-01-02,2022-01-01,2021-12-01,5,2022,1,27,2021-01-03,2021-06-28,2020-06-29
393,2022-01-09,2022-01-01,2021-12-01,5,2022,2,28,2021-01-10,2021-06-28,2020-06-29
394,2022-01-16,2022-01-01,2021-12-01,5,2022,3,29,2021-01-17,2021-06-28,2020-06-29
395,2022-01-23,2022-01-01,2021-12-01,5,2022,4,30,2021-01-24,2021-06-28,2020-06-29
396,2022-01-30,2022-01-01,2022-01-01,5,2022,5,31,2021-01-31,2021-06-28,2020-06-29
397,2022-02-06,2022-02-01,2022-01-01,4,2022,1,32,2021-02-07,2021-06-28,2020-06-29
398,2022-02-13,2022-02-01,2022-01-01,4,2022,2,33,2021-02-14,2021-06-28,2020-06-29
399,2022-02-20,2022-02-01,2022-01-01,4,2022,3,34,2021-02-21,2021-06-28,2020-06-29
400,2022-02-27,2022-02-01,2022-01-01,4,2022,4,35,2021-02-28,2021-06-28,2020-06-29
401,2022-03-06,2022-03-01,2022-02-01,4,2022,1,36,2021-03-07,2021-06-28,2020-06-29
402,2022-03-13,2022-03-01,2022-02-01,4,2022,2,37,2021-03-14,2021-06-28,2020-06-29
403,2022-03-20,2022-03-01,2022-02-01,4,2022,3,38,2021-03-21,2021-06-28,2020-06-29
404,2022-03-27,2022-03-01,2022-02-01,4,2022,4,39,2021-03-28,2021-06-28,2020-06-29
405,2022-04-03,2022-04-01,2022-03-01,5,2022,1,40,2021-04-04,2021-06-28,2020-06-29
406,2022-04-10,2022-04-01,2022-03-01,5,2022,2,41,2021-04-11,2021-06-28,2020-06-29
407,2022-04-17,2022-04-01,2022-03-01,5,2022,3,42,2021-04-18,2021-06-28,2020-06-29
408,2022-04-24,2022-04-01,2022-03-01,5,2022,4,43,2021-04-25,2021-06-28,2020-06-29
409,2022-05-01,2022-04-01,2022-04-01,5,2022,5,44,2021-05-02,2021-06-28,2020-06-29
410,2022-05-08,2022-05-01,2022-04-01,4,2022,1,45,2021-05-09,2021-06-28,2020-06-29
411,2022-05-15,2022-05-01,2022-04-01,4,2022,2,46,2021-05-16,2021-06-28,2020-06-29
412,2022-05-22,2022-05-01,2022-04-01,4,2022,3,47,2021-05-23,2021-06-28,2020-06-29
413,2022-05-29,2022-05-01,2022-04-01,4,2022,4,48,2021-05-30,2021-06-28,2020-06-29
414,2022-06-05,2022-06-01,2022-05-01,5,2022,1,49,2021-06-06,2021-06-28,2020-06-29
415,2022-06-12,2022-06-01,2022-05-01,5,2022,2,50,2021-06-13,2021-06-28,2020-06-29
416,2022-06-19,2022-06-01,2022-05-01,5,2022,3,51,2021-06-20,2021-06-28,2020-06-29
417,2022-06-26,2022-06-01,2022-05-01,5,2022,4,52,2021-06-27,2021-06-28,2020-06-29
418,2022-07-03,2022-06-01,2022-05-01,5,2022,5,53,2021-06-27,2021-06-28,2020-06-29
419,2022-07-10,2022-07-01,2022-06-01,5,2023,1,1,2021-07-04,2022-07-04,2021-06-28
420,2022-07-17,2022-07-01,2022-06-01,5,2023,2,2,2021-07-11,2022-07-04,2021-06-28
421,2022-07-24,2022-07-01,2022-06-01,5,2023,3,3,2021-07-18,2022-07-04,2021-06-28
422,2022-07-31,2022-07-01,2022-06-01,5,2023,4,4,2021-07-25,2022-07-04,2021-06-28
423,2022-08-07,2022-07-01,2022-06-01,5,2023,5,5,2021-08-01,2022-07-04,2021-06-28
424,2022-08-14,2022-08-01,2022-07-01,4,2023,1,6,2021-08-08,2022-07-04,2021-06-28
425,2022-08-21,2022-08-01,2022-07-01,4,2023,2,7,2021-08-15,2022-07-04,2021-06-28
426,2022-08-28,2022-08-01,2022-07-01,4,2023,3,8,2021-08-22,2022-07-04,2021-06-28
427,2022-09-04,2022-08-01,2022-07-01,4,2023,4,9,2021-08-29,2022-07-04,2021-06-28
428,2022-09-11,2022-09-01,2022-08-01,4,2023,1,10,2021-09-05,2022-07-04,2021-06-28
429,2022-09-18,2022-09-01,2022-08-01,4,2023,2,11,2021-09-12,2022-07-04,2021-06-28
430,2022-09-25,2022-09-01,2022-08-01,4,2023,3,12,2021-09-19,2022-07-04,2021-06-28
431,2022-10-02,2022-09-01,2022-08-01,4,2023,4,13,2021-09-26,2022-07-04,2021-06-28
432,2022-10-09,2022-10-01,2022-09-01,5,2023,1,14,2021-10-03,2022-07-04,2021-06-28
433,2022-10-16,2022-10-01,2022-09-01,5,2023,2,15,2021-10-10,2022-07-04,2021-06-28
434,2022-10-23,2022-10-01,2022-09-01,5,2023,3,16,2021-10-17,2022-07-04,2021-06-28
435,2022-10-30,2022-10-01,2022-09-01,5,2023,4,17,2021-10-24,2022-07-04,2021-06-28
436,2022-11-06,2022-10-01,2022-09-01,5,2023,5,18,2021-10-31,2022-07-04,2021-06-28
437,2022-11-13,2022-11-01,2022-10-01,4,2023,1,19,2021-11-07,2022-07-04,2021-06-28
438,2022-11-20,2022-11-01,2022-10-01,4,2023,2,20,2021-11-14,2022-07-04,2021-06-28
439,2022-11-27,2022-11-01,2022-10-01,4,2023,3,21,2021-11-21,2022-07-04,2021-06-28
440,2022-12-04,2022-11-01,2022-10-01,4,2023,4,22,2021-11-28,2022-07-04,2021-06-28
441,2022-12-11,2022-12-01,2022-11-01,4,2023,1,23,2021-12-05,2022-07-04,2021-06-28
442,2022-12-18,2022-12-01,2022-11-01,4,2023,2,24,2021-12-12,2022-07-04,2021-06-28
443,2022-12-25,2022-12-01,2022-11-01,4,2023,3,25,2021-12-19,2022-07-04,2021-06-28
444,2023-01-01,2022-12-01,2022-11-01,4,2023,4,26,2021-12-26,2022-07-04,2021-06-28
445,2023-01-08,2023-01-01,2022-12-01,5,2023,1,27,2022-01-02,2022-07-04,2021-06-28
446,2023-01-15,2023-01-01,2022-12-01,5,2023,2,28,2022-01-09,2022-07-04,2021-06-28
447,2023-01-22,2023-01-01,2022-12-01,5,2023,3,29,2022-01-16,2022-07-04,2021-06-28
448,2023-01-29,2023-01-01,2022-12-01,5,2023,4,30,2022-01-23,2022-07-04,2021-06-28
449,2023-02-05,2023-01-01,2022-12-01,5,2023,5,31,2022-01-30,2022-07-04,2021-06-28
450,2023-02-12,2023-02-01,2023-01-01,4,2023,1,32,2022-02-06,2022-07-04,2021-06-28
451,2023-02-19,2023-02-01,2023-01-01,4,2023,2,33,2022-02-13,2022-07-04,2021-06-28
452,2023-02-26,2023-02-01,2023-01-01,4,2023,3,34,2022-02-20,2022-07-04,2021-06-28
453,2023-03-05,2023-02-01,2023-01-01,4,2023,4,35,2022-02-27,2022-07-04,2021-06-28
454,2023-03-12,2023-03-01,2023-02-01,4,2023,1,36,2022-03-06,2022-07-04,2021-06-28
455,2023-03-19,2023-03-01,2023-02-01,4,2023,2,37,2022-03-13,2022-07-04,2021-06-28
456,2023-03-26,2023-03-01,2023-02-01,4,2023,3,38,2022-03-20,2022-07-04,2021-06-28
457,2023-04-02,2023-03-01,2023-02-01,4,2023,4,39,2022-03-27,2022-07-04,2021-06-28
458,2023-04-09,2023-04-01,2023-03-01,5,2023,1,40,2022-04-03,2022-07-04,2021-06-28
459,2023-04-16,2023-04-01,2023-03-01,5,2023,2,41,2022-04-10,2022-07-04,2021-06-28
460,2023-04-23,2023-04-01,2023-03-01,5,2023,3,42,2022-04-17,2022-07-04,2021-06-28
461,2023-04-30,2023-04-01,2023-03-01,5,2023,4,43,2022-04-24,2022-07-04,2021-06-28
462,2023-05-07,2023-04-01,2023-03-01,5,2023,5,44,2022-05-01,2022-07-04,2021-06-28
463,2023-05-14,2023-05-01,2023-04-01,4,2023,1,45,2022-05-08,2022-07-04,2021-06-28
464,2023-05-21,2023-05-01,2023-04-01,4,2023,2,46,2022-05-15,2022-07-04,2021-06-28
465,2023-05-28,2023-05-01,2023-04-01,4,2023,3,47,2022-05-22,2022-07-04,2021-06-28
466,2023-06-04,2023-05-01,2023-04-01,4,2023,4,48,2022-05-29,2022-07-04,2021-06-28
467,2023-06-11,2023-06-01,2023-05-01,4,2023,1,49,2022-06-05,2022-07-04,2021-06-28
468,2023-06-18,2023-06-01,2023-05-01,4,2023,2,50,2022-06-12,2022-07-04,2021-06-28
469,2023-06-25,2023-06-01,2023-05-01,4,2023,3,51,2022-06-19,2022-07-04,2021-06-28
470,2023-07-02,2023-06-01,2023-05-01,4,2023,4,52,2022-06-26,2022-07-04,2021-06-28
471,2023-07-09,2023-07-01,2023-06-01,5,2024,1,1,2022-07-10,2023-07-03,2022-07-04
472,2023-07-16,2023-07-01,2023-06-01,5,2024,2,2,2022-07-17,2023-07-03,2022-07-04
473,2023-07-23,2023-07-01,2023-06-01,5,2024,3,3,2022-07-24,2023-07-03,2022-07-04
474,2023-07-30,2023-07-01,2023-06-01,5,2024,4,4,2022-07-31,2023-07-03,2022-07-04
475,2023-08-06,2023-07-01,2023-06-01,5,2024,5,5,2022-08-07,2023-07-03,2022-07-04
476,2023-08-13,2023-08-01,2023-07-01,4,2024,1,6,2022-08-14,2023-07-03,2022-07-04
477,2023-08-20,2023-08-01,2023-07-01,4,2024,2,7,2022-08-21,2023-07-03,2022-07-04
478,2023-08-27,2023-08-01,2023-07-01,4,2024,3,8,2022-08-28,2023-07-03,2022-07-04
479,2023-09-03,2023-08-01,2023-07-01,4,2024,4,9,2022-09-04,2023-07-03,2022-07-04
480,2023-09-10,2023-09-01,2023-08-01,4,2024,1,10,2022-09-11,2023-07-03,2022-07-04
481,2023-09-17,2023-09-01,2023-08-01,4,2024,2,11,2022-09-18,2023-07-03,2022-07-04
482,2023-09-24,2023-09-01,2023-08-01,4,2024,3,12,2022-09-25,2023-07-03,2022-07-04
483,2023-10-01,2023-09-01,2023-08-01,4,2024,4,13,2022-10-02,2023-07-03,2022-07-04
484,2023-10-08,2023-10-01,2023-09-01,5,2024,1,14,2022-10-09,2023-07-03,2022-07-04
485,2023-10-15,2023-10-01,2023-09-01,5,2024,2,15,2022-10-16,2023-07-03,2022-07-04
486,2023-10-22,2023-10-01,2023-09-01,5,2024,3,16,2022-10-23,2023-07-03,2022-07-04
487,2023-10-29,2023-10-01,2023-09-01,5,2024,4,17,2022-10-30,2023-07-03,2022-07-04
488,2023-11-05,2023-10-01,2023-09-01,5,2024,5,18,2022-11-06,2023-07-03,2022-07-04
489,2023-11-12,2023-11-01,2023-10-01,4,2024,1,19,2022-11-13,2023-07-03,2022-07-04
490,2023-11-19,2023-11-01,2023-10-01,4,2024,2,20,2022-11-20,2023-07-03,2022-07-04
491,2023-11-26,2023-11-01,2023-10-01,4,2024,3,21,2022-11-27,2023-07-03,2022-07-04
492,2023-12-03,2023-11-01,2023-10-01,4,2024,4,22,2022-12-04,2023-07-03,2022-07-04
493,2023-12-10,2023-12-01,2023-11-01,4,2024,1,23,2022-12-11,2023-07-03,2022-07-04
494,2023-12-17,2023-12-01,2023-11-01,4,2024,2,24,2022-12-18,2023-07-03,2022-07-04
495,2023-12-24,2023-12-01,2023-11-01,4,2024,3,25,2022-12-25,2023-07-03,2022-07-04
496,2023-12-31,2023-12-01,2023-11-01,4,2024,4,26,2023-01-01,2023-07-03,2022-07-04
497,2024-01-07,2024-01-01,2023-12-01,5,2024,1,27,2023-01-08,2023-07-03,2022-07-04
498,2024-01-14,2024-01-01,2023-12-01,5,2024,2,28,2023-01-15,2023-07-03,2022-07-04
499,2024-01-21,2024-01-01,2023-12-01,5,2024,3,29,2023-01-22,2023-07-03,2022-07-04
500,2024-01-28,2024-01-01,2023-12-01,5,2024,4,30,2023-01-29,2023-07-03,2022-07-04
501,2024-02-04,2024-01-01,2023-12-01,5,2024,5,31,2023-02-05,2023-07-03,2022-07-04
502,2024-02-11,2024-02-01,2024-01-01,4,2024,1,32,2023-02-12,2023-07-03,2022-07-04
503,2024-02-18,2024-02-01,2024-01-01,4,2024,2,33,2023-02-19,2023-07-03,2022-07-04
504,2024-02-25,2024-02-01,2024-01-01,4,2024,3,34,2023-02-26,2023-07-03,2022-07-04
505,2024-03-03,2024-02-01,2024-01-01,4,2024,4,35,2023-03-05,2023-07-03,2022-07-04
506,2024-03-10,2024-03-01,2024-02-01,4,2024,1,36,2023-03-12,2023-07-03,2022-07-04
507,2024-03-17,2024-03-01,2024-02-01,4,2024,2,37,2023-03-19,2023-07-03,2022-07-04
508,2024-03-24,2024-03-01,2024-02-01,4,2024,3,38,2023-03-26,2023-07-03,2022-07-04
509,2024-03-31,2024-03-01,2024-02-01,4,2024,4,39,2023-04-02,2023-07-03,2022-07-04
510,2024-04-07,2024-04-01,2024-03-01,5,2024,1,40,2023-04-09,2023-07-03,2022-07-04
511,2024-04-14,2024-04-01,2024-03-01,5,2024,2,41,2023-04-16,2023-07-03,2022-07-04
512,2024-04-21,2024-04-01,2024-03-01,5,2024,3,42,2023-04-23,2023-07-03,2022-07-04
513,2024-04-28,2024-04-01,2024-03-01,5,2024,4,43,2023-04-30,2023-07-03,2022-07-04
514,2024-05-05,2024-04-01,2024-03-01,5,2024,5,44,2023-05-07,2023-07-03,2022-07-04
515,2024-05-12,2024-05-01,2024-04-01,4,2024,1,45,2023-05-14,2023-07-03,2022-07-04
516,2024-05-19,2024-05-01,2024-04-01,4,2024,2,46,2023-05-21,2023-07-03,2022-07-04
517,2024-05-26,2024-05-01,2024-04-01,4,2024,3,47,2023-05-28,2023-07-03,2022-07-04
518,2024-06-02,2024-05-01,2024-04-01,4,2024,4,48,2023-06-04,2023-07-03,2022-07-04
519,2024-06-09,2024-06-01,2024-05-01,4,2024,1,49,2023-06-11,2023-07-03,2022-07-04
520,2024-06-16,2024-06-01,2024-05-01,4,2024,2,50,2023-06-18,2023-07-03,2022-07-04
521,2024-06-23,2024-06-01,2024-05-01,4,2024,3,51,2023-06-25,2023-07-03,2022-07-04
522,2024-06-30,2024-06-01,2024-05-01,4,2024,4,52,2023-07-02,2023-07-03,2022-07-04
523,2024-07-07,2024-07-01,2024-06-01,5,2025,1,1,2023-07-09,2024-07-01,2023-07-03
524,2024-07-14,2024-07-01,2024-06-01,5,2025,2,2,2023-07-16,2024-07-01,2023-07-03
525,2024-07-21,2024-07-01,2024-06-01,5,2025,3,3,2023-07-23,2024-07-01,2023-07-03
526,2024-07-28,2024-07-01,2024-06-01,5,2025,4,4,2023-07-30,2024-07-01,2023-07-03
527,2024-08-04,2024-07-01,2024-06-01,5,2025,5,5,2023-08-06,2024-07-01,2023-07-03
528,2024-08-11,2024-08-01,2024-07-01,4,2025,1,6,2023-08-13,2024-07-01,2023-07-03
529,2024-08-18,2024-08-01,2024-07-01,4,2025,2,7,2023-08-20,2024-07-01,2023-07-03
530,2024-08-25,2024-08-01,2024-07-01,4,2025,3,8,2023-08-27,2024-07-01,2023-07-03
531,2024-09-01,2024-08-01,2024-07-01,4,2025,4,9,2023-09-03,2024-07-01,2023-07-03
532,2024-09-08,2024-09-01,2024-08-01,4,2025,1,10,2023-09-10,2024-07-01,2023-07-03
533,2024-09-15,2024-09-01,2024-08-01,4,2025,2,11,2023-09-17,2024-07-01,2023-07-03
534,2024-09-22,2024-09-01,2024-08-01,4,2025,3,12,2023-09-24,2024-07-01,2023-07-03
535,2024-09-29,2024-09-01,2024-08-01,4,2025,4,13,2023-10-01,2024-07-01,2023-07-03
536,2024-10-06,2024-10-01,2024-09-01,5,2025,1,14,2023-10-08,2024-07-01,2023-07-03
537,2024-10-13,2024-10-01,2024-09-01,5,2025,2,15,2023-10-15,2024-07-01,2023-07-03
538,2024-10-20,2024-10-01,2024-09-01,5,2025,3,16,2023-10-22,2024-07-01,2023-07-03
539,2024-10-27,2024-10-01,2024-09-01,5,2025,4,17,2023-10-29,2024-07-01,2023-07-03
540,2024-11-03,2024-10-01,2024-09-01,5,2025,5,18,2023-11-05,2024-07-01,2023-07-03
541,2024-11-10,2024-11-01,2024-10-01,4,2025,1,19,2023-11-12,2024-07-01,2023-07-03
542,2024-11-17,2024-11-01,2024-10-01,4,2025,2,20,2023-11-19,2024-07-01,2023-07-03
543,2024-11-24,2024-11-01,2024-10-01,4,2025,3,21,2023-11-26,2024-07-01,2023-07-03
544,2024-12-01,2024-11-01,2024-10-01,4,2025,4,22,2023-12-03,2024-07-01,2023-07-03
545,2024-12-08,2024-12-01,2024-11-01,4,2025,1,23,2023-12-10,2024-07-01,2023-07-03
546,2024-12-15,2024-12-01,2024-11-01,4,2025,2,24,2023-12-17,2024-07-01,2023-07-03
547,2024-12-22,2024-12-01,2024-11-01,4,2025,3,25,2023-12-24,2024-07-01,2023-07-03
548,2024-12-29,2024-12-01,2024-11-01,4,2025,4,26,2023-12-31,2024-07-01,2023-07-03
549,2025-01-05,2025-01-01,2024-12-01,5,2025,1,27,2024-01-07,2024-07-01,2023-07-03
550,2025-01-12,2025-01-01,2024-12-01,5,2025,2,28,2024-01-14,2024-07-01,2023-07-03
551,2025-01-19,2025-01-01,2024-12-01,5,2025,3,29,2024-01-21,2024-07-01,2023-07-03
552,2025-01-26,2025-01-01,2024-12-01,5,2025,4,30,2024-01-28,2024-07-01,2023-07-03
553,2025-02-02,2025-01-01,2024-12-01,5,2025,5,31,2024-02-04,2024-07-01,2023-07-03
554,2025-02-09,2025-02-01,2025-01-01,4,2025,1,32,2024-02-11,2024-07-01,2023-07-03
555,2025-02-16,2025-02-01,2025-01-01,4,2025,2,33,2024-02-18,2024-07-01,2023-07-03
556,2025-02-23,2025-02-01,2025-01-01,4,2025,3,34,2024-02-25,2024-07-01,2023-07-03
557,2025-03-02,2025-02-01,2025-01-01,4,2025,4,35,2024-03-03,2024-07-01,2023-07-03
558,2025-03-09,2025-03-02,2025-02-01,4,2025,1,36,2024-03-10,2024-07-01,2023-07-03
559,2025-03-16,2025-03-02,2025-02-01,4,2025,2,37,2024-03-17,2024-07-01,2023-07-03
560,2025-03-23,2025-03-02,2025-02-01,4,2025,3,38,2024-03-24,2024-07-01,2023-07-03
561,2025-03-30,2025-03-02,2025-02-01,4,2025,4,39,2024-03-31,2024-07-01,2023-07-03
562,2025-04-06,2025-04-02,2025-03-02,5,2025,1,40,2024-04-07,2024-07-01,2023-07-03
563,2025-04-13,2025-04-02,2025-03-02,5,2025,2,41,2024-04-14,2024-07-01,2023-07-03
564,2025-04-20,2025-04-02,2025-03-02,5,2025,3,42,2024-04-21,2024-07-01,2023-07-03
565,2025-04-27,2025-04-02,2025-03-02,5,2025,4,43,2024-04-28,2024-07-01,2023-07-03
566,2025-05-04,2025-04-02,2025-03-02,5,2025,5,44,2024-05-05,2024-07-01,2023-07-03
567,2025-05-11,2025-05-02,2025-04-02,4,2025,1,45,2024-05-12,2024-07-01,2023-07-03
568,2025-05-18,2025-05-02,2025-04-02,4,2025,2,46,2024-05-19,2024-07-01,2023-07-03
569,2025-05-25,2025-05-02,2025-04-02,4,2025,3,47,2024-05-26,2024-07-01,2023-07-03
570,2025-06-01,2025-05-02,2025-04-02,4,2025,4,48,2024-06-02,2024-07-01,2023-07-03
571,2025-06-08,2025-06-02,2025-05-02,4,2025,1,49,2024-06-09,2024-07-01,2023-07-03
572,2025-06-15,2025-06-02,2025-05-02,4,2025,2,50,2024-06-16,2024-07-01,2023-07-03
573,2025-06-22,2025-06-02,2025-05-02,4,2025,3,51,2024-06-23,2024-07-01,2023-07-03
574,2025-06-29,2025-06-02,2025-05-02,4,2025,4,52,2024-06-30,2024-07-01,2023-07-03
575,2025-07-06,2025-07-02,2025-06-02,5,2026,1,1,2024-07-07,2025-06-30,2024-07-01
576,2025-07-13,2025-07-02,2025-06-02,5,2026,2,2,2024-07-14,2025-06-30,2024-07-01
577,2025-07-20,2025-07-02,2025-06-02,5,2026,3,3,2024-07-21,2025-06-30,2024-07-01
578,2025-07-27,2025-07-02,2025-06-02,5,2026,4,4,2024-07-28,2025-06-30,2024-07-01
579,2025-08-03,2025-07-02,2025-06-02,5,2026,5,5,2024-08-04,2025-06-30,2024-07-01
580,2025-08-10,2025-08-02,2025-07-02,4,2026,1,6,2024-08-11,2025-06-30,2024-07-01
581,2025-08-17,2025-08-02,2025-07-02,4,2026,2,7,2024-08-18,2025-06-30,2024-07-01
582,2025-08-24,2025-08-02,2025-07-02,4,2026,3,8,2024-08-25,2025-06-30,2024-07-01
583,2025-08-31,2025-08-02,2025-07-02,4,2026,4,9,2024-09-01,2025-06-30,2024-07-01
584,2025-09-07,2025-09-02,2025-08-02,4,2026,1,10,2024-09-08,2025-06-30,2024-07-01
585,2025-09-14,2025-09-02,2025-08-02,4,2026,2,11,2024-09-15,2025-06-30,2024-07-01
586,2025-09-21,2025-09-02,2025-08-02,4,2026,3,12,2024-09-22,2025-06-30,2024-07-01
587,2025-09-28,2025-09-02,2025-08-02,4,2026,4,13,2024-09-29,2025-06-30,2024-07-01
588,2025-10-05,2025-10-02,2025-09-02,5,2026,1,14,2024-10-06,2025-06-30,2024-07-01
589,2025-10-12,2025-10-02,2025-09-02,5,2026,2,15,2024-10-13,2025-06-30,2024-07-01
590,2025-10-19,2025-10-02,2025-09-02,5,2026,3,16,2024-10-20,2025-06-30,2024-07-01
591,2025-10-26,2025-10-02,2025-09-02,5,2026,4,17,2024-10-27,2025-06-30,2024-07-01
592,2025-11-02,2025-10-02,2025-09-02,5,2026,5,18,2024-11-03,2025-06-30,2024-07-01
593,2025-11-09,2025-11-02,2025-10-02,4,2026,1,19,2024-11-10,2025-06-30,2024-07-01
594,2025-11-16,2025-11-02,2025-10-02,4,2026,2,20,2024-11-17,2025-06-30,2024-07-01
595,2025-11-23,2025-11-02,2025-10-02,4,2026,3,21,2024-11-24,2025-06-30,2024-07-01
596,2025-11-30,2025-11-02,2025-10-02,4,2026,4,22,2024-12-01,2025-06-30,2024-07-01
597,2025-12-07,2025-12-02,2025-11-02,4,2026,1,23,2024-12-08,2025-06-30,2024-07-01
598,2025-12-14,2025-12-02,2025-11-02,4,2026,2,24,2024-12-15,2025-06-30,2024-07-01
599,2025-12-21,2025-12-02,2025-11-02,4,2026,3,25,2024-12-22,2025-06-30,2024-07-01
600,2025-12-28,2025-12-02,2025-11-02,4,2026,4,26,2024-12-29,2025-06-30,2024-07-01
601,2026-01-04,2026-01-02,2025-12-02,5,2026,1,27,2025-01-05,2025-06-30,2024-07-01
602,2026-01-11,2026-01-02,2025-12-02,5,2026,2,28,2025-01-12,2025-06-30,2024-07-01
603,2026-01-18,2026-01-02,2025-12-02,5,2026,3,29,2025-01-19,2025-06-30,2024-07-01
604,2026-01-25,2026-01-02,2025-12-02,5,2026,4,30,2025-01-26,2025-06-30,2024-07-01
605,2026-02-01,2026-01-02,2025-12-02,5,2026,5,31,2025-02-02,2025-06-30,2024-07-01
606,2026-02-08,2026-02-02,2026-01-02,4,2026,1,32,2025-02-09,2025-06-30,2024-07-01
607,2026-02-15,2026-02-02,2026-01-02,4,2026,2,33,2025-02-16,2025-06-30,2024-07-01
608,2026-02-22,2026-02-02,2026-01-02,4,2026,3,34,2025-02-23,2025-06-30,2024-07-01
609,2026-03-01,2026-02-02,2026-01-02,4,2026,4,35,2025-03-02,2025-06-30,2024-07-01
610,2026-03-08,2026-03-03,2026-02-02,4,2026,1,36,2025-03-09,2025-06-30,2024-07-01
611,2026-03-15,2026-03-03,2026-02-02,4,2026,2,37,2025-03-16,2025-06-30,2024-07-01
612,2026-03-22,2026-03-03,2026-02-02,4,2026,3,38,2025-03-23,2025-06-30,2024-07-01
613,2026-03-29,2026-03-03,2026-02-02,4,2026,4,39,2025-03-30,2025-06-30,2024-07-01
614,2026-04-05,2026-04-03,2026-03-03,5,2026,1,40,2025-04-06,2025-06-30,2024-07-01
615,2026-04-12,2026-04-03,2026-03-03,5,2026,2,41,2025-04-13,2025-06-30,2024-07-01
616,2026-04-19,2026-04-03,2026-03-03,5,2026,3,42,2025-04-20,2025-06-30,2024-07-01
617,2026-04-26,2026-04-03,2026-03-03,5,2026,4,43,2025-04-27,2025-06-30,2024-07-01
618,2026-05-03,2026-04-03,2026-03-03,5,2026,5,44,2025-05-04,2025-06-30,2024-07-01
619,2026-05-10,2026-05-03,2026-04-03,4,2026,1,45,2025-05-11,2025-06-30,2024-07-01
620,2026-05-17,2026-05-03,2026-04-03,4,2026,2,46,2025-05-18,2025-06-30,2024-07-01
621,2026-05-24,2026-05-03,2026-04-03,4,2026,3,47,2025-05-25,2025-06-30,2024-07-01
622,2026-05-31,2026-05-03,2026-04-03,4,2026,4,48,2025-06-01,2025-06-30,2024-07-01
623,2026-06-07,2026-06-03,2026-05-03,4,2026,1,49,2025-06-08,2025-06-30,2024-07-01
624,2026-06-14,2026-06-03,2026-05-03,4,2026,2,50,2025-06-15,2025-06-30,2024-07-01
625,2026-06-21,2026-06-03,2026-05-03,4,2026,3,51,2025-06-22,2025-06-30,2024-07-01
626,2026-06-28,2026-06-03,2026-05-03,4,2026,4,52,2025-06-29,2025-06-30,2024-07-01
